ITR Id,2nd Trade Received Agreement Date,Lead Source,Approximate Gross Monthly household income,Service/Resolution Type 1.1,Service/Resolution Type 2.1,Service/Resolution Type 3.1,Service/Resolution Type 4.1,Service/Resolution Type 5.1,Service/Resolution Type 6.1,Financing Lender Used,Offered Client Financing,Agreed Client Financing,Approved For Financing,Financing Amount Approved,Clients first payment date,Net Net Resolution Costs,Rating
7777627,2024-10-12,Aged 365 Legacy HAP,4480,IRS Representation (12 Months Max),Analyze and submit IRS financials,Installment Agreement setup and monitoring,Hardship determination and filing,OIC follow-up and IRS negotiation,Fresh Start SLIA compliance,,No,No,No,0.0,2024-10-18,3850.0,Tier 3
7387969,2024-08-30,Aged 365 Legacy HAP,18720,IRS Representation (3 Months Max),File 1040 tax return with Schedule C and State tax return,Installment Agreement setup and monitoring,Hardship determination and filing,OIC follow-up and IRS negotiation,Fresh Start SLIA compliance,,No,No,No,0.0,2024-09-08,5520.0,Tier 5
4356708,2025-05-31,CL Form,5910,IRS Representation (12 Months Max),File 1040 tax return and State tax return (no schedules),Fresh Start SLIA submission and monitoring,Partial Pay Installment Agreement (PPIA) setup,OIC follow-up and IRS negotiation,OIC final resolution,,No,No,No,0.0,2025-06-06,2360.0,Tier 2
3999805,2025-06-16,Aged CBG HAP,11670,IRS Representation (6 Months Max),File 1040 tax return (no schedules),Partial Pay Installment Agreement (PPIA) setup,Currently Not Collectible (CNC) determination,Hardship re-evaluation support,Fresh Start SLIA compliance,,No,No,No,0.0,2025-06-22,10560.0,Tier 1
4863167,2025-04-01,Aged 365 Legacy HAP,4440,IRS Representation (6 Months Max),File 1040 tax return and State tax return (no schedules),Fresh Start SLIA submission and monitoring,Hardship determination and filing,Hardship re-evaluation support,Fresh Start SLIA compliance,Monterey Tier B,Yes,Yes,Yes,1250.0,2025-04-10,2470.0,Tier 4
5167985,2024-08-09,PPC Call,4700,IRS Representation (12 Months Max),File 1040X tax return (no schedules),File 1040 tax return (no schedules),,,,,No,No,No,0.0,2024-08-13,14940.0,Tier 4
3235470,2025-06-08,Aged 365 Legacy HAP,8030,IRS Representation (6 Months Max),File 1040 tax return and State tax return (no schedules),File 1040 tax return (no schedules),,,,Monterey Tier B,Yes,Yes,Yes,8990.0,2025-06-18,14090.0,Tier 3
2452545,2024-10-24,Aged 365 Legacy HAP,8410,IRS Representation (3 Months Max),File 1040X tax return (no schedules),Fresh Start SLIA submission and monitoring,Fresh Start SLIA submission and monitoring,,,Monterey Tier C,Yes,No,No,0.0,2024-11-07,4770.0,Tier 4
5213614,2024-07-16,Aged DT U30,4570,IRS Representation (12 Months Max),File 1040 tax return and State tax return (no schedules),Fresh Start SLIA submission and monitoring,Currently Not Collectible (CNC) determination,OIC follow-up and IRS negotiation,OIC final resolution,Elevate Finance - Tier 5,Yes,Yes,Yes,300.0,2024-07-28,520.0,Tier 5
7426807,2024-11-19,Aged DT U30,1050,IRS Representation (3 Months Max),File 1040X tax return (no schedules),Currently Not Collectible (CNC) determination,Hardship determination and filing,OIC follow-up and IRS negotiation,OIC final resolution,,No,No,No,0.0,2024-12-02,9750.0,Tier 4
9905557,2025-01-04,Aged-FL 60,4410,IRS Representation (3 Months Max),Analyze and submit IRS financials,File 1040 tax return (no schedules),,,,Monterey Poss-Flip,Yes,Yes,Yes,14500.0,2025-01-07,25990.0,Tier 4
2507202,2024-12-03,Aged 365 Legacy HAP,7670,IRS Representation (3 Months Max),Analyze and submit IRS financials,Partial Pay Installment Agreement (PPIA) setup,Offer in Compromise (OIC) preparation,Fresh Start SLIA renewal,OIC final resolution,Monterey Tier C,Yes,No,No,0.0,2024-12-07,9680.0,Tier 4
9208671,2025-03-31,Aged-PI,4990,IRS Representation (6 Months Max),File 1040 tax return and State tax return (no schedules),Fresh Start SLIA submission and monitoring,Hardship determination and filing,OIC follow-up and IRS negotiation,Fresh Start SLIA compliance,Elevate Finance - Tier 5,Yes,No,No,0.0,2025-04-04,22540.0,Tier 5
4346519,2024-08-06,Aged 365 Legacy HAP,6610,IRS Representation (3 Months Max),File 1040 tax return with Schedule C and State tax return,Partial Pay Installment Agreement (PPIA) setup,Currently Not Collectible (CNC) determination,Fresh Start SLIA renewal,Fresh Start SLIA compliance,,No,No,No,0.0,2024-08-11,19160.0,Tier 3
8073933,2025-02-07,Aged CBG HAP,5860,IRS Representation (3 Months Max),File 1040 tax return with Schedule C and State tax return,Fresh Start SLIA submission and monitoring,Partial Pay Installment Agreement (PPIA) setup,Fresh Start SLIA renewal,OIC final resolution,,No,No,No,0.0,2025-02-15,12450.0,Tier 3
4635493,2024-06-08,PPC Call,1930,IRS Representation (3 Months Max),Analyze and submit IRS financials,File 1040 tax return (no schedules),,,,,No,No,No,0.0,2024-06-11,14610.0,Tier 4
7274339,2025-04-24,Aged DT U30,8720,IRS Representation (3 Months Max),File 1040 tax return (no schedules),Fresh Start SLIA submission and monitoring,Hardship determination and filing,OIC follow-up and IRS negotiation,Hardship compliance monitoring,,No,No,No,0.0,2025-05-07,19800.0,Tier 5
7511436,2025-06-24,Aged DT U30,3370,IRS Representation (12 Months Max),File 1040 tax return with Schedule C and State tax return,File 1040 tax return (no schedules),,,,,No,No,No,0.0,2025-06-30,7410.0,Tier 4
4566682,2025-02-18,Aged CBG HAP,3550,IRS Representation (6 Months Max),Analyze and submit IRS financials,Fresh Start SLIA submission and monitoring,Currently Not Collectible (CNC) determination,Hardship re-evaluation support,OIC final resolution,Monterey Tier A,Yes,No,No,0.0,2025-03-03,16900.0,Tier 4
3554776,2025-02-26,PPC Call,7220,IRS Representation (12 Months Max),File 1040X tax return (no schedules),Currently Not Collectible (CNC) determination,Hardship determination and filing,Fresh Start SLIA renewal,OIC final resolution,,No,No,No,0.0,2025-03-05,5910.0,Tier 3
8742404,2025-04-20,Aged 365 Legacy HAP,3050,IRS Representation (6 Months Max),Analyze and submit IRS financials,Fresh Start SLIA submission and monitoring,Fresh Start SLIA submission and monitoring,Fresh Start SLIA renewal,,,No,No,No,0.0,2025-05-05,13400.0,Tier 1
4003137,2024-09-19,Aged-FL 60,5830,IRS Representation (6 Months Max),File 1040 tax return and State tax return (no schedules),Installment Agreement setup and monitoring,Penalty Abatement request,,,AfterPay,Yes,No,No,0.0,2024-10-03,3910.0,Tier 5
6684233,2024-11-21,Aged DT U30,2820,IRS Representation (6 Months Max),Analyze and submit IRS financials,File 1040 tax return (no schedules),,,,Elevate Finance - Tier 5,Yes,Yes,No,0.0,2024-11-26,26470.0,Tier 5
2391930,2024-09-02,Aged DT U30,4350,IRS Representation (6 Months Max),Analyze and submit IRS financials,Fresh Start SLIA submission and monitoring,Offer in Compromise (OIC) preparation,Hardship re-evaluation support,OIC final resolution,,No,No,No,0.0,2024-09-06,7550.0,Tier 3
9870385,2024-07-01,Aged-FL 60,3860,IRS Representation (3 Months Max),File 1040 tax return (no schedules),Fresh Start SLIA submission and monitoring,Penalty Abatement request,,,Monterey Tier C,Yes,Yes,No,0.0,2024-07-07,3240.0,Tier 5
2473076,2024-07-01,Referral,3640,IRS Representation (3 Months Max),File 1040 tax return and State tax return (no schedules),Fresh Start SLIA submission and monitoring,Currently Not Collectible (CNC) determination,CNC annual review,Fresh Start SLIA compliance,,No,No,No,0.0,2024-07-09,10140.0,Tier 3
8869169,2024-06-09,DT Form DS,2890,IRS Representation (12 Months Max),File 1040 tax return (no schedules),File 1040 tax return (no schedules),,,,,No,No,No,0.0,2024-06-17,2540.0,Tier 1
6307954,2025-04-27,Aged DT U30,4770,IRS Representation (3 Months Max),File 1040 tax return with Schedule C and State tax return,Fresh Start SLIA submission and monitoring,Offer in Compromise (OIC) preparation,OIC follow-up and IRS negotiation,OIC final resolution,,No,No,No,0.0,2025-05-11,6790.0,Tier 3
7754888,2024-10-17,Referral,5320,IRS Representation (6 Months Max),File 1040 tax return (no schedules),Currently Not Collectible (CNC) determination,Partial Pay Installment Agreement (PPIA) setup,Hardship re-evaluation support,Hardship compliance monitoring,,No,No,No,0.0,2024-10-21,28890.0,Tier 5
1715572,2024-12-17,PPC Call,8970,IRS Representation (12 Months Max),Analyze and submit IRS financials,Installment Agreement setup and monitoring,Currently Not Collectible (CNC) determination,Hardship re-evaluation support,Fresh Start SLIA compliance,Elevate Finance - Tier 5,Yes,Yes,Yes,63660.0,2024-12-22,74280.0,Tier 2
5519768,2024-07-02,Aged 365 Legacy HAP,3380,IRS Representation (12 Months Max),File 1040X tax return (no schedules),Fresh Start SLIA submission and monitoring,Fresh Start SLIA compliance review,,Fresh Start SLIA compliance,Monterey Poss-Flip,Yes,Yes,Yes,5310.0,2024-07-06,6100.0,Tier 2
1127838,2025-02-06,CL Form,5090,IRS Representation (12 Months Max),File 1040 tax return and State tax return (no schedules),File 1040 tax return (no schedules),,,,DecisionFI,Yes,Yes,Yes,5370.0,2025-02-12,7660.0,Tier 5
8133772,2024-09-20,FL Call,20640,IRS Representation (3 Months Max),File 1040 tax return with Schedule C and State tax return,Currently Not Collectible (CNC) determination,Partial Pay Installment Agreement (PPIA) setup,CNC annual review,Hardship compliance monitoring,Monterey Poss-Flip,Yes,No,No,0.0,2024-09-26,70500.0,Tier 3
4418599,2024-12-09,Aged 365 Legacy HAP,6340,IRS Representation (12 Months Max),Analyze and submit IRS financials,Fresh Start SLIA submission and monitoring,Partial Pay Installment Agreement (PPIA) setup,Fresh Start SLIA renewal,OIC final resolution,Elevate Finance - Tier 5,Yes,Yes,Yes,3370.0,2024-12-22,4280.0,Tier 3
7082268,2024-10-17,PPC Call,6730,IRS Representation (6 Months Max),File 1040 tax return with Schedule C and State tax return,File 1040 tax return with Schedule C and State tax return,,,,Monterey Tier B,Yes,No,No,0.0,2024-10-26,5260.0,Tier 1
9964234,2024-10-02,Aged 365 Legacy HAP,6510,IRS Representation (3 Months Max),File 1040 tax return (no schedules),Fresh Start SLIA submission and monitoring,Fresh Start SLIA compliance review,Fresh Start SLIA renewal,Fresh Start SLIA compliance,,No,No,No,0.0,2024-10-13,9530.0,Tier 1
2355874,2024-11-24,Website Call,1620,IRS Representation (3 Months Max),File 1040 tax return with Schedule C and State tax return,File 1040 tax return with Schedule C and State tax return,,,,,No,No,No,0.0,2024-12-07,13700.0,Tier 5
8752528,2025-02-24,Aged-PI,4190,IRS Representation (6 Months Max),File 1040 tax return and State tax return (no schedules),Fresh Start SLIA submission and monitoring,Fresh Start SLIA submission and monitoring,,,,No,No,No,0.0,2025-03-03,11410.0,Tier 1
9701586,2025-03-19,PPC Call,1220,IRS Representation (12 Months Max),File 1040X tax return (no schedules),Fresh Start SLIA submission and monitoring,Offer in Compromise (OIC) preparation,Fresh Start SLIA renewal,Fresh Start SLIA compliance,DecisionFI,Yes,Yes,Yes,21160.0,2025-03-25,23380.0,Tier 4
4323229,2025-01-22,Aged CBG HAP,8600,IRS Representation (12 Months Max),Analyze and submit IRS financials,Fresh Start SLIA submission and monitoring,Currently Not Collectible (CNC) determination,CNC annual review,OIC final resolution,,No,No,No,0.0,2025-02-03,15020.0,Tier 5
8762825,2025-02-18,Aged 365 Legacy HAP,14840,IRS Representation (3 Months Max),File 1040 tax return (no schedules),File 1040 tax return (no schedules),,,,,No,No,No,0.0,2025-03-02,3580.0,Tier 3
1860969,2024-11-24,Aged CBG HAP,3490,IRS Representation (12 Months Max),File 1040 tax return and State tax return (no schedules),Fresh Start SLIA submission and monitoring,Fresh Start SLIA submission and monitoring,Fresh Start SLIA renewal,Fresh Start SLIA compliance,,No,No,No,0.0,2024-12-01,10070.0,Tier 5
6998272,2025-06-04,Aged 365 Legacy HAP,15460,IRS Representation (3 Months Max),File 1040 tax return (no schedules),Fresh Start SLIA submission and monitoring,Fresh Start SLIA submission and monitoring,,,DecisionFI,Yes,No,No,0.0,2025-06-08,4520.0,Tier 3
3166605,2025-02-14,Website Call,2370,IRS Representation (12 Months Max),Analyze and submit IRS financials,File 1040 tax return (no schedules),,,,,No,No,No,0.0,2025-02-26,1360.0,Tier 3
4620914,2024-12-26,Aged DT U30,2260,IRS Representation (12 Months Max),Analyze and submit IRS financials,Currently Not Collectible (CNC) determination,Offer in Compromise (OIC) preparation,Hardship re-evaluation support,Fresh Start SLIA compliance,,No,No,No,0.0,2025-01-04,6220.0,Tier 3
3697976,2025-04-17,CL Form,7040,IRS Representation (3 Months Max),File 1040 tax return (no schedules),Currently Not Collectible (CNC) determination,Partial Pay Installment Agreement (PPIA) setup,CNC annual review,OIC final resolution,,No,No,No,0.0,2025-05-01,1290.0,Tier 3
8410741,2025-06-22,Aged 365 Legacy HAP,2890,IRS Representation (12 Months Max),File 1040 tax return with Schedule C and State tax return,File 1040 tax return (no schedules),,,,Monterey Tier B,Yes,Yes,Yes,5940.0,2025-06-30,9390.0,Tier 5
3980060,2024-06-15,Aged 365 Legacy HAP,3560,IRS Representation (3 Months Max),File 1040X tax return (no schedules),Partial Pay Installment Agreement (PPIA) setup,Offer in Compromise (OIC) preparation,Hardship re-evaluation support,OIC final resolution,Monterey Poss-Flip,Yes,No,No,0.0,2024-06-22,60060.0,Tier 1
9442218,2025-05-10,Aged CBG HAP,9960,IRS Representation (12 Months Max),File 1040 tax return and State tax return (no schedules),Fresh Start SLIA submission and monitoring,Fresh Start SLIA submission and monitoring,Fresh Start SLIA renewal,,Monterey Tier B,Yes,Yes,Yes,5310.0,2025-05-14,7450.0,Tier 4
3953174,2025-06-20,ATL Form,2610,IRS Representation (3 Months Max),File 1040 tax return and State tax return (no schedules),Fresh Start SLIA submission and monitoring,Fresh Start SLIA submission and monitoring,,,,No,No,No,0.0,2025-06-29,8850.0,Tier 3
1621800,2025-02-20,Aged DT U30,4090,IRS Representation (6 Months Max),File 1040 tax return and State tax return (no schedules),Fresh Start SLIA submission and monitoring,Fresh Start SLIA submission and monitoring,,,,No,No,No,0.0,2025-03-01,13560.0,Tier 2
2842011,2024-12-08,PPC Call,4550,IRS Representation (12 Months Max),Analyze and submit IRS financials,File 1040 tax return with Schedule C and State tax return,,,,,No,No,No,0.0,2024-12-19,10290.0,Tier 4
1390973,2024-10-10,Aged 365 Legacy HAP,6290,IRS Representation (3 Months Max),File 1040 tax return with Schedule C and State tax return,Fresh Start SLIA submission and monitoring,Fresh Start SLIA compliance review,Fresh Start SLIA renewal,,Monterey Tier C,Yes,Yes,Yes,2340.0,2024-10-18,2800.0,Tier 3
3872045,2024-09-18,FL Call,7910,IRS Representation (6 Months Max),Analyze and submit IRS financials,Fresh Start SLIA submission and monitoring,Fresh Start SLIA compliance review,Fresh Start SLIA renewal,,Monterey Poss-Flip,Yes,Yes,No,0.0,2024-09-24,69390.0,Tier 4
8947818,2025-03-29,Aged-PI,4590,IRS Representation (6 Months Max),Analyze and submit IRS financials,Installment Agreement setup and monitoring,Hardship determination and filing,Hardship re-evaluation support,OIC final resolution,Monterey Poss-Flip,Yes,Yes,Yes,11730.0,2025-04-12,18470.0,Tier 3
8030041,2025-03-20,CL Form,2250,IRS Representation (12 Months Max),File 1040 tax return and State tax return (no schedules),Fresh Start SLIA submission and monitoring,Hardship determination and filing,OIC follow-up and IRS negotiation,Hardship compliance monitoring,,No,No,No,0.0,2025-03-30,15860.0,Tier 4
2361641,2025-06-15,PPC Call,9480,IRS Representation (12 Months Max),File 1040X tax return (no schedules),File 1040 tax return with Schedule C and State tax return,,,,,No,No,No,0.0,2025-06-19,7970.0,Tier 5
8137367,2024-09-23,ATL Form,31860,IRS Representation (12 Months Max),File 1040X tax return (no schedules),Installment Agreement setup and monitoring,Currently Not Collectible (CNC) determination,OIC follow-up and IRS negotiation,Fresh Start SLIA compliance,Monterey Tier B,Yes,Yes,Yes,24330.0,2024-10-01,28170.0,Tier 4
2443157,2025-06-10,Aged DT U30,8380,IRS Representation (3 Months Max),Analyze and submit IRS financials,Partial Pay Installment Agreement (PPIA) setup,Offer in Compromise (OIC) preparation,OIC follow-up and IRS negotiation,Fresh Start SLIA compliance,,No,No,No,0.0,2025-06-18,10650.0,Tier 3
3397658,2024-06-26,Aged CBG HAP,7080,IRS Representation (12 Months Max),File 1040 tax return (no schedules),Fresh Start SLIA submission and monitoring,Offer in Compromise (OIC) preparation,CNC annual review,Hardship compliance monitoring,Monterey Poss-Flip,Yes,Yes,Yes,6040.0,2024-07-08,7480.0,Tier 5
6197697,2025-02-23,Aged CBG HAP,3850,IRS Representation (6 Months Max),Analyze and submit IRS financials,File 1040 tax return with Schedule C and State tax return,,,,Monterey Tier C,Yes,Yes,Yes,4780.0,2025-03-01,8080.0,Tier 4
1095092,2025-05-31,Self Generated,4170,IRS Representation (12 Months Max),File 1040X tax return (no schedules),Fresh Start SLIA submission and monitoring,Hardship determination and filing,Fresh Start SLIA renewal,OIC final resolution,Flexxbuy,Yes,Yes,Yes,4590.0,2025-06-13,5100.0,Tier 5
7393151,2025-03-21,CL Form,1990,IRS Representation (3 Months Max),File 1040 tax return with Schedule C and State tax return,File 1040 tax return with Schedule C and State tax return,,,,Monterey Tier B,Yes,Yes,Yes,1410.0,2025-03-26,2660.0,Tier 4
6531409,2025-03-28,Aged DT U30,7340,IRS Representation (12 Months Max),File 1040 tax return (no schedules),File 1040 tax return (no schedules),,,,Monterey Tier B,Yes,Yes,Yes,510.0,2025-04-09,920.0,Tier 4
3278616,2025-01-04,CL Form,4500,IRS Representation (3 Months Max),File 1040 tax return and State tax return (no schedules),Fresh Start SLIA submission and monitoring,Offer in Compromise (OIC) preparation,CNC annual review,Hardship compliance monitoring,,No,No,No,0.0,2025-01-17,5950.0,Tier 3
9781229,2024-07-09,Aged 365 Legacy HAP,11350,IRS Representation (12 Months Max),File 1040 tax return and State tax return (no schedules),Fresh Start SLIA submission and monitoring,Fresh Start SLIA compliance review,Fresh Start SLIA renewal,,Monterey Tier A,Yes,No,No,0.0,2024-07-17,6370.0,Tier 2
7800313,2025-01-30,Aged-PI,2500,IRS Representation (6 Months Max),File 1040X tax return (no schedules),File 1040 tax return with Schedule C and State tax return,,,,,No,No,No,0.0,2025-02-14,6720.0,Tier 2
4368771,2024-11-14,Aged 365 Legacy HAP,11930,IRS Representation (12 Months Max),File 1040 tax return with Schedule C and State tax return,File 1040 tax return with Schedule C and State tax return,,,,,No,No,No,0.0,2024-11-26,7390.0,Tier 3
1929456,2024-06-21,Aged 365 Legacy HAP,4020,IRS Representation (12 Months Max),File 1040 tax return and State tax return (no schedules),Fresh Start SLIA submission and monitoring,Fresh Start SLIA compliance review,Fresh Start SLIA renewal,Fresh Start SLIA compliance,,No,No,No,0.0,2024-06-27,5030.0,Tier 3
4547293,2025-03-14,Aged 365 Legacy HAP,3300,IRS Representation (3 Months Max),File 1040 tax return and State tax return (no schedules),Installment Agreement setup and monitoring,Offer in Compromise (OIC) preparation,Fresh Start SLIA renewal,Hardship compliance monitoring,Monterey Tier C,Yes,Yes,Yes,4490.0,2025-03-18,5930.0,Tier 3
8431849,2024-10-27,Aged CBG HAP,3590,IRS Representation (3 Months Max),File 1040 tax return (no schedules),File 1040 tax return (no schedules),,,,Monterey Poss-Flip,Yes,Yes,Yes,9580.0,2024-10-30,16140.0,Tier 3
5321417,2025-06-29,Aged-FL 60,3310,IRS Representation (3 Months Max),File 1040 tax return and State tax return (no schedules),Currently Not Collectible (CNC) determination,Offer in Compromise (OIC) preparation,OIC follow-up and IRS negotiation,Hardship compliance monitoring,,No,No,No,0.0,2025-07-07,5130.0,Tier 3
7779130,2024-08-17,FL Call,1260,IRS Representation (6 Months Max),File 1040 tax return (no schedules),Fresh Start SLIA submission and monitoring,Fresh Start SLIA compliance review,,,DecisionFI,Yes,Yes,No,0.0,2024-08-31,15620.0,Tier 1
3119816,2024-07-13,Aged DT U30,7450,IRS Representation (3 Months Max),Analyze and submit IRS financials,File 1040 tax return with Schedule C and State tax return,,,,,No,No,No,0.0,2024-07-19,6770.0,Tier 2
6935921,2024-08-27,Aged CBG HAP,8130,IRS Representation (3 Months Max),File 1040 tax return (no schedules),File 1040 tax return (no schedules),,,,,No,No,No,0.0,2024-08-31,2060.0,Tier 3
8988360,2024-07-04,Aged 365 Legacy,11280,IRS Representation (3 Months Max),File 1040X tax return (no schedules),File 1040 tax return with Schedule C and State tax return,,,,AfterPay,Yes,No,No,0.0,2024-07-10,11570.0,Tier 3
1936465,2025-01-03,DT Form DS,7770,IRS Representation (3 Months Max),File 1040X tax return (no schedules),File 1040 tax return with Schedule C and State tax return,,,,,No,No,No,0.0,2025-01-09,7400.0,Tier 3
3196589,2025-04-25,Self Generated,7530,IRS Representation (6 Months Max),File 1040 tax return with Schedule C and State tax return,File 1040 tax return (no schedules),,,,Monterey Tier B,Yes,Yes,No,0.0,2025-05-10,6310.0,Tier 3
3523964,2024-09-10,CL Form,1650,IRS Representation (6 Months Max),File 1040 tax return and State tax return (no schedules),Partial Pay Installment Agreement (PPIA) setup,Partial Pay Installment Agreement (PPIA) setup,CNC annual review,Hardship compliance monitoring,,No,No,No,0.0,2024-09-15,5870.0,Tier 4
7850128,2024-07-27,Aged PI Free,5540,IRS Representation (6 Months Max),File 1040 tax return and State tax return (no schedules),Partial Pay Installment Agreement (PPIA) setup,,,,DecisionFI,Yes,No,No,0.0,2024-08-08,1420.0,Tier 1
3086531,2025-03-05,Aged 365 Legacy HAP,2350,IRS Representation (6 Months Max),File 1040 tax return (no schedules),Currently Not Collectible (CNC) determination,Hardship determination and filing,CNC annual review,Hardship compliance monitoring,,No,No,No,0.0,2025-03-17,8410.0,Tier 4
2618720,2024-07-20,FL Call,4100,IRS Representation (3 Months Max),File 1040 tax return and State tax return (no schedules),Currently Not Collectible (CNC) determination,Hardship determination and filing,OIC follow-up and IRS negotiation,Fresh Start SLIA compliance,,No,No,No,0.0,2024-08-03,7310.0,Tier 3
2991703,2024-07-13,CL Form,12180,IRS Representation (12 Months Max),Analyze and submit IRS financials,Installment Agreement setup and monitoring,Hardship determination and filing,CNC annual review,Hardship compliance monitoring,DecisionFI,Yes,Yes,Yes,11550.0,2024-07-23,13300.0,Tier 2
3410255,2024-11-25,Aged 365 Legacy HAP,5020,IRS Representation (12 Months Max),File 1040 tax return (no schedules),Installment Agreement setup and monitoring,,,,,No,No,No,0.0,2024-11-28,4060.0,Tier 4
5965616,2024-09-13,FL Call,900,IRS Representation (3 Months Max),File 1040 tax return and State tax return (no schedules),Partial Pay Installment Agreement (PPIA) setup,Hardship determination and filing,OIC follow-up and IRS negotiation,Hardship compliance monitoring,,No,No,No,0.0,2024-09-21,11680.0,Tier 4
3921501,2025-03-24,Aged-PI,2560,IRS Representation (12 Months Max),Analyze and submit IRS financials,Fresh Start SLIA submission and monitoring,Fresh Start SLIA compliance review,,Fresh Start SLIA compliance,,No,No,No,0.0,2025-03-28,21520.0,Tier 2
3980397,2024-11-18,Aged CBG HAP,3400,IRS Representation (6 Months Max),File 1040X tax return (no schedules),Fresh Start SLIA submission and monitoring,Fresh Start SLIA submission and monitoring,,Fresh Start SLIA compliance,,No,No,No,0.0,2024-11-28,17030.0,Tier 4
7876554,2024-09-27,CL Form,4240,IRS Representation (6 Months Max),File 1040 tax return (no schedules),File 1040 tax return (no schedules),,,,,No,No,No,0.0,2024-10-11,6890.0,Tier 5
3441276,2025-01-26,Aged-PI,9040,IRS Representation (12 Months Max),Analyze and submit IRS financials,Fresh Start SLIA submission and monitoring,Hardship determination and filing,CNC annual review,OIC final resolution,,No,No,No,0.0,2025-02-04,12200.0,Tier 2
4482603,2025-04-18,Self Generated,8470,IRS Representation (3 Months Max),Analyze and submit IRS financials,File 1040 tax return (no schedules),,,,,No,No,No,0.0,2025-04-26,2480.0,Tier 3
6353718,2024-10-05,Referral,8330,IRS Representation (6 Months Max),File 1040 tax return (no schedules),Currently Not Collectible (CNC) determination,,,,Monterey Tier C,Yes,Yes,Yes,13400.0,2024-10-12,19630.0,Tier 5
9374071,2024-09-10,Aged 365 Legacy HAP,5720,IRS Representation (12 Months Max),File 1040 tax return (no schedules),File 1040 tax return with Schedule C and State tax return,,,,Monterey Tier C,Yes,Yes,No,0.0,2024-09-23,6950.0,Tier 3
4924292,2025-02-22,Aged 365 Legacy,4060,IRS Representation (3 Months Max),Analyze and submit IRS financials,File 1040 tax return (no schedules),,,,,No,No,No,0.0,2025-03-03,9130.0,Tier 4
5321788,2024-07-28,Aged CBG HAP,3890,IRS Representation (6 Months Max),File 1040 tax return and State tax return (no schedules),Installment Agreement setup and monitoring,Offer in Compromise (OIC) preparation,OIC follow-up and IRS negotiation,Hardship compliance monitoring,,No,No,No,0.0,2024-08-03,11720.0,Tier 5
2966512,2025-06-02,Aged 365 Legacy HAP,6510,IRS Representation (3 Months Max),Analyze and submit IRS financials,File 1040 tax return (no schedules),,,,,No,No,No,0.0,2025-06-05,19690.0,Tier 4
7068362,2025-02-23,Aged-PI,9020,IRS Representation (3 Months Max),File 1040X tax return (no schedules),Partial Pay Installment Agreement (PPIA) setup,Partial Pay Installment Agreement (PPIA) setup,CNC annual review,Hardship compliance monitoring,,No,No,No,0.0,2025-03-08,3810.0,Tier 3
4119755,2025-01-09,Aged 365 Legacy,13480,IRS Representation (12 Months Max),File 1040 tax return and State tax return (no schedules),Partial Pay Installment Agreement (PPIA) setup,Partial Pay Installment Agreement (PPIA) setup,Fresh Start SLIA renewal,OIC final resolution,,No,No,No,0.0,2025-01-12,2830.0,Tier 4
2214493,2024-06-05,PPC Call,5220,IRS Representation (3 Months Max),File 1040 tax return (no schedules),Fresh Start SLIA submission and monitoring,Fresh Start SLIA submission and monitoring,,,,No,No,No,0.0,2024-06-17,17210.0,Tier 3
9409291,2024-11-18,CL Form,5950,IRS Representation (12 Months Max),File 1040 tax return with Schedule C and State tax return,Partial Pay Installment Agreement (PPIA) setup,Offer in Compromise (OIC) preparation,Hardship re-evaluation support,OIC final resolution,,No,No,No,0.0,2024-11-30,7640.0,Tier 4
5827044,2024-06-05,ATL Form,12910,IRS Representation (3 Months Max),File 1040 tax return (no schedules),Partial Pay Installment Agreement (PPIA) setup,Partial Pay Installment Agreement (PPIA) setup,OIC follow-up and IRS negotiation,Fresh Start SLIA compliance,Monterey Tier C,Yes,Yes,Yes,5830.0,2024-06-09,10310.0,Tier 5
1187040,2024-12-09,Aged-FL 60,2420,IRS Representation (3 Months Max),Analyze and submit IRS financials,Fresh Start SLIA submission and monitoring,Offer in Compromise (OIC) preparation,OIC follow-up and IRS negotiation,Hardship compliance monitoring,,No,No,No,0.0,2024-12-23,14240.0,Tier 3
1799898,2025-06-21,Aged 365 Legacy HAP,8380,IRS Representation (6 Months Max),File 1040 tax return with Schedule C and State tax return,Fresh Start SLIA submission and monitoring,Fresh Start SLIA submission and monitoring,Fresh Start SLIA renewal,Fresh Start SLIA compliance,,No,No,No,0.0,2025-06-29,2410.0,Tier 3
6661219,2025-05-31,Aged 365 Legacy HAP,2940,IRS Representation (12 Months Max),File 1040 tax return (no schedules),Fresh Start SLIA submission and monitoring,Fresh Start SLIA submission and monitoring,Fresh Start SLIA renewal,Fresh Start SLIA compliance,,No,No,No,0.0,2025-06-09,38280.0,Tier 4
4629283,2024-09-23,PPC Call,13850,IRS Representation (6 Months Max),File 1040 tax return with Schedule C and State tax return,Fresh Start SLIA submission and monitoring,Hardship determination and filing,Fresh Start SLIA renewal,OIC final resolution,,No,No,No,0.0,2024-09-26,22140.0,Tier 4
7324578,2024-12-05,Aged PI Free,12260,IRS Representation (3 Months Max),File 1040 tax return (no schedules),Currently Not Collectible (CNC) determination,Hardship determination and filing,Hardship re-evaluation support,Hardship compliance monitoring,,No,No,No,0.0,2024-12-18,14870.0,Tier 4
7695800,2024-12-30,Aged CBG HAP,14320,IRS Representation (3 Months Max),File 1040 tax return (no schedules),Installment Agreement setup and monitoring,Hardship determination and filing,Hardship re-evaluation support,Fresh Start SLIA compliance,,No,No,No,0.0,2025-01-11,19100.0,Tier 5
6649794,2024-12-20,Aged-PI,13390,IRS Representation (6 Months Max),File 1040 tax return with Schedule C and State tax return,Fresh Start SLIA submission and monitoring,Fresh Start SLIA submission and monitoring,,Fresh Start SLIA compliance,,No,No,No,0.0,2024-12-30,6160.0,Tier 5
7700989,2025-06-18,Aged 365 Legacy,8490,IRS Representation (3 Months Max),File 1040 tax return with Schedule C and State tax return,Partial Pay Installment Agreement (PPIA) setup,Currently Not Collectible (CNC) determination,Hardship re-evaluation support,Hardship compliance monitoring,,No,No,No,0.0,2025-06-29,7950.0,Tier 5
7474998,2025-01-12,Aged CBG HAP,2530,IRS Representation (3 Months Max),File 1040 tax return with Schedule C and State tax return,File 1040 tax return (no schedules),,,,,No,No,No,0.0,2025-01-26,1420.0,Tier 5
7946861,2024-08-21,FL Call,6780,IRS Representation (12 Months Max),File 1040 tax return with Schedule C and State tax return,File 1040 tax return (no schedules),,,,,No,No,No,0.0,2024-08-31,17210.0,Tier 4
7223954,2024-10-03,Aged-PI,8800,IRS Representation (6 Months Max),Analyze and submit IRS financials,Fresh Start SLIA submission and monitoring,Currently Not Collectible (CNC) determination,OIC follow-up and IRS negotiation,OIC final resolution,Monterey Tier C,Yes,Yes,No,0.0,2024-10-16,5060.0,Tier 3
9965205,2025-02-15,Aged-FL 60,6700,IRS Representation (6 Months Max),File 1040 tax return with Schedule C and State tax return,Fresh Start SLIA submission and monitoring,Fresh Start SLIA compliance review,Fresh Start SLIA renewal,Fresh Start SLIA compliance,Monterey Poss-Flip,Yes,Yes,Yes,620.0,2025-02-23,790.0,Tier 3
2554649,2024-07-05,PPC Call,4560,IRS Representation (3 Months Max),Analyze and submit IRS financials,File 1040 tax return (no schedules),,,,Monterey Poss-Flip,Yes,No,No,0.0,2024-07-16,3790.0,Tier 3
4040458,2024-06-05,DT Form DS,5440,IRS Representation (6 Months Max),File 1040 tax return with Schedule C and State tax return,Installment Agreement setup and monitoring,Partial Pay Installment Agreement (PPIA) setup,Fresh Start SLIA renewal,Hardship compliance monitoring,,No,No,No,0.0,2024-06-20,9910.0,Tier 4
1630697,2024-06-11,Aged PI Free,6320,IRS Representation (3 Months Max),Analyze and submit IRS financials,Currently Not Collectible (CNC) determination,Partial Pay Installment Agreement (PPIA) setup,CNC annual review,Hardship compliance monitoring,,No,No,No,0.0,2024-06-22,27100.0,Tier 4
7257827,2024-11-11,Website Call,2520,IRS Representation (3 Months Max),File 1040 tax return with Schedule C and State tax return,Fresh Start SLIA submission and monitoring,Fresh Start SLIA submission and monitoring,Fresh Start SLIA renewal,,,No,No,No,0.0,2024-11-22,12340.0,Tier 5
7687060,2025-06-16,CL Form,7640,IRS Representation (6 Months Max),File 1040 tax return and State tax return (no schedules),File 1040 tax return with Schedule C and State tax return,,,,,No,No,No,0.0,2025-06-24,2510.0,Tier 2
8448644,2024-10-29,Aged-PI,7050,IRS Representation (3 Months Max),File 1040X tax return (no schedules),File 1040 tax return with Schedule C and State tax return,,,,,No,No,No,0.0,2024-11-08,5470.0,Tier 5
4862279,2024-07-04,Aged 365 Legacy,4510,IRS Representation (6 Months Max),Analyze and submit IRS financials,Partial Pay Installment Agreement (PPIA) setup,Offer in Compromise (OIC) preparation,OIC follow-up and IRS negotiation,OIC final resolution,DecisionFI,Yes,Yes,Yes,4990.0,2024-07-07,7500.0,Tier 1
6224739,2024-12-27,FL Call,7590,IRS Representation (12 Months Max),Analyze and submit IRS financials,File 1040 tax return (no schedules),,,,Monterey Tier A,Yes,Yes,Yes,3120.0,2025-01-11,6240.0,Tier 3
4792419,2025-02-16,Aged 365 Legacy HAP,10470,IRS Representation (3 Months Max),Analyze and submit IRS financials,Partial Pay Installment Agreement (PPIA) setup,Offer in Compromise (OIC) preparation,Hardship re-evaluation support,Hardship compliance monitoring,,No,No,No,0.0,2025-03-01,13170.0,Tier 4
6211949,2025-01-03,Aged 365 Legacy HAP,2540,IRS Representation (3 Months Max),File 1040 tax return with Schedule C and State tax return,File 1040 tax return with Schedule C and State tax return,,,,,No,No,No,0.0,2025-01-12,6520.0,Tier 2
2774169,2025-06-20,CL Form,12780,IRS Representation (12 Months Max),File 1040 tax return with Schedule C and State tax return,Fresh Start SLIA submission and monitoring,Currently Not Collectible (CNC) determination,OIC follow-up and IRS negotiation,Hardship compliance monitoring,,No,No,No,0.0,2025-06-29,5600.0,Tier 5
6266919,2024-08-18,ATL Form,9510,IRS Representation (3 Months Max),Analyze and submit IRS financials,Fresh Start SLIA submission and monitoring,Fresh Start SLIA compliance review,,,,No,No,No,0.0,2024-08-21,13650.0,Tier 3
4667565,2024-09-15,CL Form,9450,IRS Representation (3 Months Max),File 1040 tax return and State tax return (no schedules),Fresh Start SLIA submission and monitoring,Fresh Start SLIA compliance review,Fresh Start SLIA renewal,Fresh Start SLIA compliance,DecisionFI,Yes,No,No,0.0,2024-09-20,49750.0,Tier 3
5189616,2025-03-23,Aged 365 Legacy HAP,9400,IRS Representation (12 Months Max),Analyze and submit IRS financials,File 1040 tax return (no schedules),,,,,No,No,No,0.0,2025-03-28,15560.0,Tier 4
7434977,2024-12-14,DT Form DS,7820,IRS Representation (12 Months Max),File 1040 tax return (no schedules),Fresh Start SLIA submission and monitoring,Fresh Start SLIA compliance review,,,,No,No,No,0.0,2024-12-18,9590.0,Tier 4
5972376,2024-11-23,Aged 365 Legacy HAP,4920,IRS Representation (12 Months Max),Analyze and submit IRS financials,Currently Not Collectible (CNC) determination,Partial Pay Installment Agreement (PPIA) setup,OIC follow-up and IRS negotiation,Hardship compliance monitoring,Monterey Poss-Flip,Yes,Yes,No,0.0,2024-11-28,16870.0,Tier 3
8350523,2024-08-28,PPC Call,3050,IRS Representation (6 Months Max),File 1040 tax return with Schedule C and State tax return,Fresh Start SLIA submission and monitoring,Fresh Start SLIA submission and monitoring,Fresh Start SLIA renewal,Fresh Start SLIA compliance,,No,No,No,0.0,2024-09-09,14520.0,Tier 4
2344309,2024-11-17,CL Form,6860,IRS Representation (12 Months Max),Analyze and submit IRS financials,Fresh Start SLIA submission and monitoring,Hardship determination and filing,Hardship re-evaluation support,Fresh Start SLIA compliance,,No,No,No,0.0,2024-11-22,18550.0,Tier 5
8345330,2024-06-17,Aged-FL 60,5360,IRS Representation (12 Months Max),File 1040X tax return (no schedules),Partial Pay Installment Agreement (PPIA) setup,Offer in Compromise (OIC) preparation,CNC annual review,OIC final resolution,,No,No,No,0.0,2024-06-25,7080.0,Tier 5
8065039,2025-04-06,Aged 365 Legacy HAP,3130,IRS Representation (3 Months Max),Analyze and submit IRS financials,Fresh Start SLIA submission and monitoring,Hardship determination and filing,Fresh Start SLIA renewal,OIC final resolution,Monterey Tier A,Yes,No,No,0.0,2025-04-17,17140.0,Tier 2
5298533,2025-01-13,Aged 365 Legacy,15430,IRS Representation (6 Months Max),File 1040 tax return (no schedules),File 1040 tax return with Schedule C and State tax return,,,,,No,No,No,0.0,2025-01-26,7420.0,Tier 4
2168980,2025-05-03,Aged DT U30,8490,IRS Representation (3 Months Max),File 1040X tax return (no schedules),Fresh Start SLIA submission and monitoring,Fresh Start SLIA submission and monitoring,Fresh Start SLIA renewal,Fresh Start SLIA compliance,,No,No,No,0.0,2025-05-09,32740.0,Tier 5
9441467,2024-09-24,Aged DT U30,4020,IRS Representation (6 Months Max),File 1040X tax return (no schedules),Installment Agreement setup and monitoring,Hardship determination and filing,CNC annual review,OIC final resolution,,No,No,No,0.0,2024-10-04,8160.0,Tier 4
5916224,2025-06-30,Aged CBG HAP,1770,IRS Representation (12 Months Max),File 1040 tax return and State tax return (no schedules),File 1040 tax return (no schedules),,,,,No,No,No,0.0,2025-07-03,20500.0,Tier 3
6378704,2025-01-19,CL Form,2850,IRS Representation (12 Months Max),File 1040 tax return (no schedules),Fresh Start SLIA submission and monitoring,Fresh Start SLIA submission and monitoring,,Fresh Start SLIA compliance,Monterey Poss-Flip,Yes,Yes,Yes,4110.0,2025-01-23,6980.0,Tier 3
9004382,2025-03-20,Aged 365 Legacy HAP,6750,IRS Representation (12 Months Max),Analyze and submit IRS financials,Fresh Start SLIA submission and monitoring,Fresh Start SLIA submission and monitoring,,,Flexxbuy,Yes,Yes,Yes,10930.0,2025-03-27,16020.0,Tier 3
9946351,2025-04-16,DT Form DS,4160,IRS Representation (12 Months Max),File 1040 tax return with Schedule C and State tax return,Currently Not Collectible (CNC) determination,Currently Not Collectible (CNC) determination,CNC annual review,OIC final resolution,Monterey Tier B,Yes,Yes,Yes,5570.0,2025-04-20,6400.0,Tier 3
3135411,2024-12-31,DT Form DS,2090,IRS Representation (3 Months Max),File 1040 tax return (no schedules),Fresh Start SLIA submission and monitoring,Fresh Start SLIA compliance review,,Fresh Start SLIA compliance,,No,No,No,0.0,2025-01-12,12370.0,Tier 4
5308988,2024-09-05,Aged DT U30,5850,IRS Representation (12 Months Max),File 1040 tax return (no schedules),File 1040 tax return with Schedule C and State tax return,,,,,No,No,No,0.0,2024-09-11,13560.0,Tier 4
8229670,2024-06-29,Aged-FL 60,4430,IRS Representation (6 Months Max),File 1040 tax return and State tax return (no schedules),Fresh Start SLIA submission and monitoring,Fresh Start SLIA compliance review,Fresh Start SLIA renewal,Fresh Start SLIA compliance,,No,No,No,0.0,2024-07-05,9760.0,Tier 5
5880196,2024-06-15,Aged 365 Legacy HAP,3780,IRS Representation (3 Months Max),File 1040X tax return (no schedules),File 1040 tax return (no schedules),,,,,No,No,No,0.0,2024-06-19,10210.0,Tier 4
7867459,2025-04-14,ATL Form,2190,IRS Representation (6 Months Max),Analyze and submit IRS financials,File 1040 tax return (no schedules),,,,AfterPay,Yes,Yes,Yes,14800.0,2025-04-22,24660.0,Tier 5
3674620,2024-10-11,Aged DT U30,6110,IRS Representation (6 Months Max),File 1040 tax return and State tax return (no schedules),Partial Pay Installment Agreement (PPIA) setup,Currently Not Collectible (CNC) determination,CNC annual review,Hardship compliance monitoring,,No,No,No,0.0,2024-10-17,6820.0,Tier 3
5736054,2025-01-07,CL Form,2450,IRS Representation (6 Months Max),File 1040 tax return with Schedule C and State tax return,Installment Agreement setup and monitoring,Penalty Abatement request,,,Monterey Tier C,Yes,Yes,Yes,1360.0,2025-01-10,1850.0,Tier 4
7357871,2024-11-26,Aged DT U30,4280,IRS Representation (6 Months Max),File 1040 tax return (no schedules),File 1040 tax return with Schedule C and State tax return,,,,,No,No,No,0.0,2024-12-06,12530.0,Tier 4
8382872,2025-05-03,Aged CBG HAP,10450,IRS Representation (6 Months Max),File 1040 tax return with Schedule C and State tax return,File 1040 tax return (no schedules),,,,DecisionFI,Yes,No,No,0.0,2025-05-10,6620.0,Tier 4
4262697,2025-03-07,ATL Form,11040,IRS Representation (12 Months Max),Analyze and submit IRS financials,File 1040 tax return with Schedule C and State tax return,,,,,No,No,No,0.0,2025-03-20,24740.0,Tier 5
7372398,2024-08-26,Aged PI Free,4520,IRS Representation (3 Months Max),File 1040 tax return with Schedule C and State tax return,Partial Pay Installment Agreement (PPIA) setup,Offer in Compromise (OIC) preparation,OIC follow-up and IRS negotiation,Fresh Start SLIA compliance,Monterey Poss-Flip,Yes,Yes,Yes,6010.0,2024-09-06,8890.0,Tier 2
6651356,2025-06-10,Aged 365 Legacy,660,IRS Representation (12 Months Max),Analyze and submit IRS financials,File 1040 tax return with Schedule C and State tax return,,,,Monterey Tier A,Yes,Yes,Yes,10550.0,2025-06-18,14430.0,Tier 4
4316133,2024-09-26,Aged CBG HAP,8030,IRS Representation (6 Months Max),File 1040X tax return (no schedules),Partial Pay Installment Agreement (PPIA) setup,Currently Not Collectible (CNC) determination,CNC annual review,OIC final resolution,,No,No,No,0.0,2024-10-03,8940.0,Tier 2
6794558,2025-04-23,ATL Form,2690,IRS Representation (6 Months Max),File 1040 tax return and State tax return (no schedules),Fresh Start SLIA submission and monitoring,Fresh Start SLIA submission and monitoring,Fresh Start SLIA renewal,Fresh Start SLIA compliance,Monterey Tier B,Yes,Yes,Yes,11380.0,2025-05-04,14900.0,Tier 4
1072331,2025-02-03,Aged-PI,1990,IRS Representation (6 Months Max),File 1040 tax return with Schedule C and State tax return,Installment Agreement setup and monitoring,Offer in Compromise (OIC) preparation,Fresh Start SLIA renewal,Hardship compliance monitoring,,No,No,No,0.0,2025-02-15,7840.0,Tier 3
6960763,2024-06-06,Aged-PI,7950,IRS Representation (6 Months Max),File 1040X tax return (no schedules),Currently Not Collectible (CNC) determination,Offer in Compromise (OIC) preparation,Hardship re-evaluation support,Hardship compliance monitoring,,No,No,No,0.0,2024-06-19,7070.0,Tier 3
5956011,2024-11-11,Aged-PI,1480,IRS Representation (3 Months Max),Analyze and submit IRS financials,File 1040 tax return (no schedules),,,,Monterey Tier B,Yes,No,No,0.0,2024-11-20,8300.0,Tier 3
4242649,2024-07-08,CL Form,7810,IRS Representation (12 Months Max),File 1040X tax return (no schedules),Currently Not Collectible (CNC) determination,Currently Not Collectible (CNC) determination,Fresh Start SLIA renewal,Hardship compliance monitoring,,No,No,No,0.0,2024-07-18,4080.0,Tier 4
3879957,2025-06-04,CL Form,8850,IRS Representation (12 Months Max),File 1040X tax return (no schedules),Currently Not Collectible (CNC) determination,Partial Pay Installment Agreement (PPIA) setup,CNC annual review,Fresh Start SLIA compliance,,No,No,No,0.0,2025-06-07,11710.0,Tier 2
5378570,2024-12-05,ATL Form,6810,IRS Representation (3 Months Max),File 1040 tax return (no schedules),Installment Agreement setup and monitoring,Hardship determination and filing,CNC annual review,OIC final resolution,DecisionFI,Yes,Yes,Yes,4540.0,2024-12-18,6380.0,Tier 3
7991279,2024-10-10,CL Form,5630,IRS Representation (3 Months Max),File 1040 tax return with Schedule C and State tax return,File 1040 tax return (no schedules),,,,Flexxbuy,Yes,No,No,0.0,2024-10-14,12810.0,Tier 5
4879506,2025-01-31,PPC Call,4570,IRS Representation (12 Months Max),File 1040 tax return and State tax return (no schedules),Currently Not Collectible (CNC) determination,Partial Pay Installment Agreement (PPIA) setup,Hardship re-evaluation support,Hardship compliance monitoring,,No,No,No,0.0,2025-02-15,23870.0,Tier 5
7849228,2025-05-09,CL Form,3590,IRS Representation (12 Months Max),File 1040X tax return (no schedules),Fresh Start SLIA submission and monitoring,Hardship determination and filing,Fresh Start SLIA renewal,Hardship compliance monitoring,DecisionFI,Yes,Yes,Yes,5580.0,2025-05-21,8560.0,Tier 3
6797138,2024-10-17,Aged 365 Legacy HAP,2430,IRS Representation (6 Months Max),Analyze and submit IRS financials,Currently Not Collectible (CNC) determination,Installment Agreement monitoring,,,Monterey Tier A,Yes,Yes,No,0.0,2024-10-20,14860.0,Tier 3
7709219,2024-12-11,Aged 365 Legacy HAP,22920,IRS Representation (12 Months Max),File 1040X tax return (no schedules),Installment Agreement setup and monitoring,Currently Not Collectible (CNC) determination,OIC follow-up and IRS negotiation,OIC final resolution,,No,No,No,0.0,2024-12-25,8280.0,Tier 3
1060704,2024-12-02,ATL Form,3680,IRS Representation (3 Months Max),File 1040 tax return with Schedule C and State tax return,File 1040 tax return (no schedules),,,,Monterey Tier A,Yes,Yes,Yes,3100.0,2024-12-10,5420.0,Tier 3
2884620,2024-09-02,Aged-PI,2700,IRS Representation (6 Months Max),File 1040 tax return and State tax return (no schedules),Currently Not Collectible (CNC) determination,Offer in Compromise (OIC) preparation,Hardship re-evaluation support,OIC final resolution,Monterey Tier A,Yes,No,No,0.0,2024-09-09,8040.0,Tier 4
9416395,2025-04-30,Aged DT U30,4630,IRS Representation (3 Months Max),File 1040 tax return and State tax return (no schedules),Installment Agreement setup and monitoring,Currently Not Collectible (CNC) determination,CNC annual review,OIC final resolution,,No,No,No,0.0,2025-05-13,80580.0,Tier 2
9921258,2025-06-19,CL Form,7150,IRS Representation (3 Months Max),File 1040 tax return (no schedules),File 1040 tax return with Schedule C and State tax return,,,,DecisionFI,Yes,Yes,Yes,4100.0,2025-06-28,7590.0,Tier 3
4397351,2025-05-12,Aged 365 Legacy HAP,9540,IRS Representation (6 Months Max),File 1040 tax return (no schedules),Currently Not Collectible (CNC) determination,Hardship determination and filing,OIC follow-up and IRS negotiation,Hardship compliance monitoring,Monterey Tier B,Yes,Yes,No,0.0,2025-05-20,7600.0,Tier 5
1021683,2024-11-20,Self Generated,4240,IRS Representation (6 Months Max),File 1040 tax return with Schedule C and State tax return,Fresh Start SLIA submission and monitoring,Fresh Start SLIA compliance review,Fresh Start SLIA renewal,,,No,No,No,0.0,2024-11-30,9200.0,Tier 2
9759386,2024-11-03,FL Call,4340,IRS Representation (3 Months Max),File 1040X tax return (no schedules),Fresh Start SLIA submission and monitoring,Fresh Start SLIA submission and monitoring,Fresh Start SLIA renewal,,,No,No,No,0.0,2024-11-13,6920.0,Tier 4
6209909,2024-10-21,Aged 365 Legacy HAP,2920,IRS Representation (12 Months Max),File 1040 tax return and State tax return (no schedules),File 1040 tax return (no schedules),,,,,No,No,No,0.0,2024-10-25,2890.0,Tier 4
3807829,2024-12-21,Aged 365 Legacy HAP,4160,IRS Representation (3 Months Max),File 1040 tax return (no schedules),Fresh Start SLIA submission and monitoring,Currently Not Collectible (CNC) determination,Fresh Start SLIA renewal,Fresh Start SLIA compliance,,No,No,No,0.0,2024-12-24,8350.0,Tier 3
9575102,2025-03-14,ATL Form,8630,IRS Representation (3 Months Max),File 1040 tax return (no schedules),Currently Not Collectible (CNC) determination,Installment Agreement monitoring,,,Monterey Tier B,Yes,Yes,Yes,4280.0,2025-03-25,6600.0,Tier 3
8451043,2024-08-26,Aged 365 Legacy HAP,4720,IRS Representation (12 Months Max),File 1040X tax return (no schedules),Currently Not Collectible (CNC) determination,Currently Not Collectible (CNC) determination,OIC follow-up and IRS negotiation,Hardship compliance monitoring,,No,No,No,0.0,2024-09-10,9940.0,Tier 3
4444304,2024-10-30,Aged 365 Legacy HAP,3870,IRS Representation (3 Months Max),Analyze and submit IRS financials,Currently Not Collectible (CNC) determination,Partial Pay Installment Agreement (PPIA) setup,Fresh Start SLIA renewal,Fresh Start SLIA compliance,,No,No,No,0.0,2024-11-12,6460.0,Tier 3
5427616,2024-11-11,Aged DT U30,5490,IRS Representation (6 Months Max),File 1040 tax return (no schedules),Currently Not Collectible (CNC) determination,,,,,No,No,No,0.0,2024-11-25,4590.0,Tier 3
7993367,2024-12-11,ATL Form,2960,IRS Representation (6 Months Max),File 1040X tax return (no schedules),Installment Agreement setup and monitoring,Currently Not Collectible (CNC) determination,OIC follow-up and IRS negotiation,Fresh Start SLIA compliance,,No,No,No,0.0,2024-12-23,11650.0,Tier 2
8852147,2025-03-23,Aged-PI,1210,IRS Representation (12 Months Max),File 1040 tax return and State tax return (no schedules),Fresh Start SLIA submission and monitoring,Offer in Compromise (OIC) preparation,OIC follow-up and IRS negotiation,OIC final resolution,,No,No,No,0.0,2025-03-26,7640.0,Tier 3
9909222,2025-06-04,Aged CBG HAP,3580,IRS Representation (12 Months Max),File 1040 tax return with Schedule C and State tax return,Installment Agreement setup and monitoring,Hardship determination and filing,OIC follow-up and IRS negotiation,Hardship compliance monitoring,Monterey Tier C,Yes,Yes,Yes,3160.0,2025-06-09,5540.0,Tier 3
5823510,2024-10-09,Aged CBG HAP,700,IRS Representation (6 Months Max),File 1040X tax return (no schedules),File 1040 tax return with Schedule C and State tax return,,,,Monterey Poss-Flip,Yes,No,No,0.0,2024-10-22,5940.0,Tier 5
4360218,2024-11-27,Aged CBG HAP,4140,IRS Representation (3 Months Max),File 1040 tax return (no schedules),Fresh Start SLIA submission and monitoring,Currently Not Collectible (CNC) determination,Fresh Start SLIA renewal,Hardship compliance monitoring,DecisionFI,Yes,No,No,0.0,2024-12-02,6160.0,Tier 3
1345908,2025-03-13,CL Form,6420,IRS Representation (12 Months Max),Analyze and submit IRS financials,File 1040 tax return (no schedules),,,,DecisionFI,Yes,Yes,Yes,5150.0,2025-03-24,7740.0,Tier 2
2764149,2025-03-11,Aged CBG HAP,9340,IRS Representation (3 Months Max),File 1040 tax return with Schedule C and State tax return,Fresh Start SLIA submission and monitoring,Fresh Start SLIA compliance review,,,,No,No,No,0.0,2025-03-15,14610.0,Tier 4
6159012,2024-12-02,Aged DT U30,6940,IRS Representation (3 Months Max),File 1040 tax return and State tax return (no schedules),Partial Pay Installment Agreement (PPIA) setup,Hardship determination and filing,Fresh Start SLIA renewal,OIC final resolution,,No,No,No,0.0,2024-12-13,12570.0,Tier 5
2267878,2025-05-18,Aged 365 Legacy HAP,5030,IRS Representation (6 Months Max),File 1040X tax return (no schedules),File 1040 tax return with Schedule C and State tax return,,,,,No,No,No,0.0,2025-05-24,60360.0,Tier 2
1536214,2025-06-22,Aged PI Free,2520,IRS Representation (3 Months Max),File 1040 tax return (no schedules),Partial Pay Installment Agreement (PPIA) setup,Currently Not Collectible (CNC) determination,Hardship re-evaluation support,Fresh Start SLIA compliance,,No,No,No,0.0,2025-06-28,16510.0,Tier 4
1978317,2025-05-05,ATL Form,2410,IRS Representation (12 Months Max),File 1040 tax return with Schedule C and State tax return,Partial Pay Installment Agreement (PPIA) setup,Partial Pay Installment Agreement (PPIA) setup,Hardship re-evaluation support,Fresh Start SLIA compliance,,No,No,No,0.0,2025-05-19,12040.0,Tier 2
7992289,2025-02-17,Aged 365 Legacy HAP,4290,IRS Representation (6 Months Max),File 1040 tax return and State tax return (no schedules),Partial Pay Installment Agreement (PPIA) setup,Currently Not Collectible (CNC) determination,Fresh Start SLIA renewal,OIC final resolution,,No,No,No,0.0,2025-02-25,27450.0,Tier 5
6028474,2024-10-09,Aged PI Free,2800,IRS Representation (6 Months Max),File 1040X tax return (no schedules),Partial Pay Installment Agreement (PPIA) setup,Currently Not Collectible (CNC) determination,OIC follow-up and IRS negotiation,Fresh Start SLIA compliance,,No,No,No,0.0,2024-10-24,9980.0,Tier 3
7194592,2025-03-10,CL Form,2630,IRS Representation (12 Months Max),File 1040X tax return (no schedules),File 1040 tax return (no schedules),,,,,No,No,No,0.0,2025-03-18,3720.0,Tier 4
5952173,2024-11-04,Aged DT U30,5060,IRS Representation (3 Months Max),File 1040 tax return (no schedules),Fresh Start SLIA submission and monitoring,Partial Pay Installment Agreement (PPIA) setup,Hardship re-evaluation support,OIC final resolution,DecisionFI,Yes,Yes,Yes,16380.0,2024-11-10,29110.0,Tier 3
4254845,2024-07-30,Aged DT U30,2830,IRS Representation (6 Months Max),File 1040 tax return and State tax return (no schedules),Installment Agreement setup and monitoring,Currently Not Collectible (CNC) determination,Hardship re-evaluation support,Fresh Start SLIA compliance,,No,No,No,0.0,2024-08-07,8360.0,Tier 2
2679592,2025-04-23,Aged CBG HAP,1510,IRS Representation (3 Months Max),File 1040 tax return (no schedules),File 1040 tax return (no schedules),,,,Monterey Tier B,Yes,Yes,Yes,4040.0,2025-05-08,4280.0,Tier 2
7621313,2025-05-22,Aged 365 Legacy HAP,4260,IRS Representation (3 Months Max),File 1040 tax return and State tax return (no schedules),Currently Not Collectible (CNC) determination,Hardship determination and filing,OIC follow-up and IRS negotiation,Hardship compliance monitoring,,No,No,No,0.0,2025-05-29,1410.0,Tier 3
7684823,2025-03-08,Aged-FL 60,2650,IRS Representation (3 Months Max),File 1040X tax return (no schedules),Fresh Start SLIA submission and monitoring,Fresh Start SLIA submission and monitoring,Fresh Start SLIA renewal,,,No,No,No,0.0,2025-03-19,9230.0,Tier 4
3889924,2024-07-24,CL Form,6880,IRS Representation (3 Months Max),File 1040X tax return (no schedules),File 1040 tax return (no schedules),,,,,No,No,No,0.0,2024-07-29,7690.0,Tier 4
5442638,2025-03-30,Aged DT U30,11400,IRS Representation (3 Months Max),Analyze and submit IRS financials,Fresh Start SLIA submission and monitoring,Partial Pay Installment Agreement (PPIA) setup,CNC annual review,Fresh Start SLIA compliance,Monterey Tier C,Yes,Yes,Yes,34050.0,2025-04-06,66730.0,Tier 3
8731315,2024-08-06,FL Call,8050,IRS Representation (3 Months Max),Analyze and submit IRS financials,Fresh Start SLIA submission and monitoring,Hardship determination and filing,OIC follow-up and IRS negotiation,Hardship compliance monitoring,Elevate Finance - Tier 5,Yes,Yes,No,0.0,2024-08-20,7670.0,Tier 3
6520657,2025-01-18,ATL Form,6530,IRS Representation (6 Months Max),File 1040X tax return (no schedules),File 1040 tax return (no schedules),,,,,No,No,No,0.0,2025-01-23,5700.0,Tier 4
3155346,2024-10-08,FL Call,11940,IRS Representation (12 Months Max),Analyze and submit IRS financials,File 1040 tax return with Schedule C and State tax return,,,,,No,No,No,0.0,2024-10-19,2650.0,Tier 1
3192171,2024-06-30,Aged CBG HAP,2600,IRS Representation (3 Months Max),File 1040 tax return with Schedule C and State tax return,Partial Pay Installment Agreement (PPIA) setup,Offer in Compromise (OIC) preparation,OIC follow-up and IRS negotiation,OIC final resolution,,No,No,No,0.0,2024-07-15,9300.0,Tier 4
8491840,2025-06-06,Aged 365 Legacy HAP,3380,IRS Representation (3 Months Max),File 1040 tax return and State tax return (no schedules),File 1040 tax return (no schedules),,,,,No,No,No,0.0,2025-06-17,11260.0,Tier 3
7526710,2025-06-17,PPC Call,5540,IRS Representation (6 Months Max),Analyze and submit IRS financials,Currently Not Collectible (CNC) determination,Offer in Compromise (OIC) preparation,OIC follow-up and IRS negotiation,Hardship compliance monitoring,,No,No,No,0.0,2025-07-02,6140.0,Tier 3
8015611,2024-10-26,Aged CBG HAP,3800,IRS Representation (3 Months Max),File 1040X tax return (no schedules),Currently Not Collectible (CNC) determination,Currently Not Collectible (CNC) determination,CNC annual review,OIC final resolution,,No,No,No,0.0,2024-10-31,5070.0,Tier 4
4000337,2025-01-12,Aged 365 Legacy HAP,5400,IRS Representation (12 Months Max),File 1040 tax return (no schedules),Fresh Start SLIA submission and monitoring,Partial Pay Installment Agreement (PPIA) setup,Fresh Start SLIA renewal,Fresh Start SLIA compliance,Monterey Tier A,Yes,No,No,0.0,2025-01-20,8560.0,Tier 3
7037099,2024-07-09,ATL Form,3840,IRS Representation (3 Months Max),Analyze and submit IRS financials,Partial Pay Installment Agreement (PPIA) setup,Hardship determination and filing,Fresh Start SLIA renewal,OIC final resolution,AfterPay,Yes,Yes,Yes,4530.0,2024-07-20,5870.0,Tier 4
5197117,2025-01-22,CL Form,4140,IRS Representation (12 Months Max),File 1040 tax return and State tax return (no schedules),Fresh Start SLIA submission and monitoring,Offer in Compromise (OIC) preparation,OIC follow-up and IRS negotiation,Hardship compliance monitoring,Elevate Finance - Tier 5,Yes,No,No,0.0,2025-02-01,8800.0,Tier 4
4483143,2024-11-16,FL Call,3720,IRS Representation (3 Months Max),File 1040 tax return (no schedules),Installment Agreement setup and monitoring,Partial Pay Installment Agreement (PPIA) setup,OIC follow-up and IRS negotiation,Fresh Start SLIA compliance,Monterey Tier C,Yes,Yes,Yes,15680.0,2024-11-30,19630.0,Tier 3
5589876,2025-02-24,PPC Call,7970,IRS Representation (12 Months Max),File 1040 tax return and State tax return (no schedules),Partial Pay Installment Agreement (PPIA) setup,,,,,No,No,No,0.0,2025-03-07,9430.0,Tier 1
8770570,2024-12-31,ATL Form,4350,IRS Representation (3 Months Max),Analyze and submit IRS financials,File 1040 tax return (no schedules),,,,,No,No,No,0.0,2025-01-11,20960.0,Tier 4
7419873,2025-02-18,Aged 365 Legacy HAP,2100,IRS Representation (12 Months Max),File 1040X tax return (no schedules),Partial Pay Installment Agreement (PPIA) setup,Currently Not Collectible (CNC) determination,Hardship re-evaluation support,OIC final resolution,,No,No,No,0.0,2025-03-03,23510.0,Tier 3
4081380,2025-06-08,Aged DT U30,4540,IRS Representation (6 Months Max),File 1040X tax return (no schedules),Partial Pay Installment Agreement (PPIA) setup,Hardship determination and filing,Fresh Start SLIA renewal,Fresh Start SLIA compliance,Monterey Tier A,Yes,Yes,Yes,6230.0,2025-06-19,9430.0,Tier 3
9039197,2024-11-24,Aged 365 Legacy HAP,3310,IRS Representation (6 Months Max),Analyze and submit IRS financials,File 1040 tax return with Schedule C and State tax return,,,,Monterey Poss-Flip,Yes,No,No,0.0,2024-12-09,4280.0,Tier 5
8991883,2025-01-22,Aged DT U30,12560,IRS Representation (6 Months Max),Analyze and submit IRS financials,Installment Agreement setup and monitoring,Penalty Abatement request,,,,No,No,No,0.0,2025-02-03,5160.0,Tier 5
3843430,2024-07-19,Aged-PI,6220,IRS Representation (6 Months Max),File 1040 tax return with Schedule C and State tax return,Fresh Start SLIA submission and monitoring,Fresh Start SLIA submission and monitoring,Fresh Start SLIA renewal,Fresh Start SLIA compliance,,No,No,No,0.0,2024-07-27,27530.0,Tier 3
2254019,2025-05-06,Aged CBG HAP,11230,IRS Representation (6 Months Max),File 1040 tax return and State tax return (no schedules),Fresh Start SLIA submission and monitoring,Currently Not Collectible (CNC) determination,OIC follow-up and IRS negotiation,Fresh Start SLIA compliance,,No,No,No,0.0,2025-05-19,16630.0,Tier 4
9919834,2025-05-18,Aged DT U30,5280,IRS Representation (6 Months Max),File 1040 tax return and State tax return (no schedules),File 1040 tax return with Schedule C and State tax return,,,,,No,No,No,0.0,2025-05-29,7980.0,Tier 3
5019368,2025-01-05,CL Form,8940,IRS Representation (12 Months Max),File 1040X tax return (no schedules),File 1040 tax return with Schedule C and State tax return,,,,,No,No,No,0.0,2025-01-13,37880.0,Tier 5
8715373,2024-06-20,PPC Call,8080,IRS Representation (12 Months Max),File 1040 tax return and State tax return (no schedules),Fresh Start SLIA submission and monitoring,Partial Pay Installment Agreement (PPIA) setup,CNC annual review,OIC final resolution,Elevate Finance - Tier 5,Yes,Yes,Yes,7030.0,2024-07-03,13900.0,Tier 5
9777418,2025-02-23,Aged-PI,7060,IRS Representation (6 Months Max),Analyze and submit IRS financials,Currently Not Collectible (CNC) determination,Currently Not Collectible (CNC) determination,Fresh Start SLIA renewal,Hardship compliance monitoring,,No,No,No,0.0,2025-03-09,9130.0,Tier 4
1258586,2024-08-06,FL Call,1590,IRS Representation (6 Months Max),Analyze and submit IRS financials,Partial Pay Installment Agreement (PPIA) setup,Partial Pay Installment Agreement (PPIA) setup,CNC annual review,Fresh Start SLIA compliance,Monterey Tier C,Yes,No,No,0.0,2024-08-09,6290.0,Tier 4
2927154,2024-12-25,Aged PI Free,5600,IRS Representation (12 Months Max),File 1040 tax return with Schedule C and State tax return,Partial Pay Installment Agreement (PPIA) setup,Hardship determination and filing,Hardship re-evaluation support,Fresh Start SLIA compliance,,No,No,No,0.0,2025-01-05,23190.0,Tier 2
6532226,2025-06-09,Aged 365 Legacy HAP,11900,IRS Representation (6 Months Max),Analyze and submit IRS financials,Partial Pay Installment Agreement (PPIA) setup,Offer in Compromise (OIC) preparation,OIC follow-up and IRS negotiation,Fresh Start SLIA compliance,,No,No,No,0.0,2025-06-19,32880.0,Tier 4
9290022,2025-04-26,ATL Form,4960,IRS Representation (6 Months Max),Analyze and submit IRS financials,Partial Pay Installment Agreement (PPIA) setup,Currently Not Collectible (CNC) determination,OIC follow-up and IRS negotiation,Hardship compliance monitoring,Monterey Poss-Flip,Yes,No,No,0.0,2025-04-30,5430.0,Tier 4
2210378,2025-03-21,Aged DT U30,10510,IRS Representation (12 Months Max),File 1040 tax return (no schedules),Installment Agreement setup and monitoring,Partial Pay Installment Agreement (PPIA) setup,Hardship re-evaluation support,Fresh Start SLIA compliance,Elevate Finance - Tier 5,Yes,Yes,Yes,9440.0,2025-04-02,13550.0,Tier 3
6632965,2025-01-05,CL Form,3600,IRS Representation (6 Months Max),File 1040 tax return and State tax return (no schedules),Fresh Start SLIA submission and monitoring,Penalty Abatement request,,,Monterey Poss-Flip,Yes,Yes,No,0.0,2025-01-16,6510.0,Tier 4
1066111,2025-05-25,DT Form DS,4030,IRS Representation (12 Months Max),File 1040 tax return and State tax return (no schedules),File 1040 tax return with Schedule C and State tax return,,,,AfterPay,Yes,Yes,Yes,5580.0,2025-06-08,9030.0,Tier 5
9942458,2024-11-16,Aged CBG HAP,7690,IRS Representation (12 Months Max),File 1040X tax return (no schedules),Installment Agreement setup and monitoring,Offer in Compromise (OIC) preparation,Fresh Start SLIA renewal,OIC final resolution,,No,No,No,0.0,2024-11-25,10380.0,Tier 4
5619651,2025-02-15,ATL Form,1960,IRS Representation (6 Months Max),File 1040 tax return and State tax return (no schedules),Installment Agreement setup and monitoring,Hardship determination and filing,OIC follow-up and IRS negotiation,OIC final resolution,,No,No,No,0.0,2025-02-21,9270.0,Tier 4
1201428,2024-10-13,Aged-PI,14580,IRS Representation (12 Months Max),File 1040 tax return and State tax return (no schedules),File 1040 tax return with Schedule C and State tax return,,,,,No,No,No,0.0,2024-10-19,9670.0,Tier 4
6353364,2024-06-13,Aged DT U30,4110,IRS Representation (12 Months Max),File 1040 tax return (no schedules),Fresh Start SLIA submission and monitoring,Fresh Start SLIA submission and monitoring,,Fresh Start SLIA compliance,,No,No,No,0.0,2024-06-20,25170.0,Tier 5
7944741,2024-06-05,PPC Call,11540,IRS Representation (6 Months Max),Analyze and submit IRS financials,Fresh Start SLIA submission and monitoring,Fresh Start SLIA compliance review,,,,No,No,No,0.0,2024-06-20,11890.0,Tier 5
5387869,2025-05-15,CL Form,3330,IRS Representation (3 Months Max),File 1040 tax return with Schedule C and State tax return,Fresh Start SLIA submission and monitoring,Fresh Start SLIA submission and monitoring,,Fresh Start SLIA compliance,,No,No,No,0.0,2025-05-26,9460.0,Tier 5
3784753,2025-06-25,Aged DT U30,8010,IRS Representation (12 Months Max),File 1040X tax return (no schedules),Fresh Start SLIA submission and monitoring,Fresh Start SLIA compliance review,Fresh Start SLIA renewal,Fresh Start SLIA compliance,,No,No,No,0.0,2025-06-28,10060.0,Tier 2
3284258,2024-09-29,CL Form,3750,IRS Representation (12 Months Max),Analyze and submit IRS financials,File 1040 tax return with Schedule C and State tax return,,,,,No,No,No,0.0,2024-10-04,14030.0,Tier 4
1796723,2024-12-30,Aged PI Free,1810,IRS Representation (12 Months Max),File 1040 tax return and State tax return (no schedules),Fresh Start SLIA submission and monitoring,Offer in Compromise (OIC) preparation,Hardship re-evaluation support,Fresh Start SLIA compliance,,No,No,No,0.0,2025-01-10,15170.0,Tier 4
7664964,2025-05-10,Aged 365 Legacy,3730,IRS Representation (12 Months Max),File 1040 tax return with Schedule C and State tax return,Installment Agreement setup and monitoring,Hardship determination and filing,OIC follow-up and IRS negotiation,Fresh Start SLIA compliance,,No,No,No,0.0,2025-05-15,1780.0,Tier 5
1606356,2024-06-02,Aged-FL 60,4570,IRS Representation (12 Months Max),File 1040 tax return and State tax return (no schedules),File 1040 tax return with Schedule C and State tax return,,,,DecisionFI,Yes,Yes,No,0.0,2024-06-07,11120.0,Tier 5
1801218,2024-10-05,Aged 365 Legacy HAP,6710,IRS Representation (6 Months Max),Analyze and submit IRS financials,Currently Not Collectible (CNC) determination,Partial Pay Installment Agreement (PPIA) setup,OIC follow-up and IRS negotiation,OIC final resolution,,No,No,No,0.0,2024-10-13,2240.0,Tier 4
6744346,2025-04-10,ATL Form,2940,IRS Representation (6 Months Max),File 1040X tax return (no schedules),File 1040 tax return (no schedules),,,,,No,No,No,0.0,2025-04-19,14490.0,Tier 4
9578796,2025-04-19,Aged DT U30,6890,IRS Representation (12 Months Max),File 1040 tax return and State tax return (no schedules),Fresh Start SLIA submission and monitoring,Hardship determination and filing,OIC follow-up and IRS negotiation,Fresh Start SLIA compliance,,No,No,No,0.0,2025-05-01,12680.0,Tier 4
4858019,2025-04-08,Aged CBG HAP,4150,IRS Representation (12 Months Max),File 1040 tax return with Schedule C and State tax return,Currently Not Collectible (CNC) determination,Partial Pay Installment Agreement (PPIA) setup,CNC annual review,OIC final resolution,,No,No,No,0.0,2025-04-18,5430.0,Tier 3
5901557,2024-10-10,Aged PI Free,1360,IRS Representation (3 Months Max),File 1040 tax return with Schedule C and State tax return,Fresh Start SLIA submission and monitoring,Offer in Compromise (OIC) preparation,Hardship re-evaluation support,OIC final resolution,,No,No,No,0.0,2024-10-16,12100.0,Tier 4
3659469,2024-06-06,Aged CBG HAP,9320,IRS Representation (3 Months Max),File 1040 tax return (no schedules),File 1040 tax return (no schedules),,,,AfterPay,Yes,Yes,Yes,2670.0,2024-06-14,3320.0,Tier 3
8366557,2024-08-13,Website Call,9900,IRS Representation (6 Months Max),Analyze and submit IRS financials,File 1040 tax return (no schedules),,,,Monterey Tier C,Yes,Yes,No,0.0,2024-08-26,3930.0,Tier 4
1964800,2024-12-22,CL Form,3900,IRS Representation (6 Months Max),File 1040 tax return (no schedules),File 1040 tax return (no schedules),,,,,No,No,No,0.0,2024-12-28,6850.0,Tier 4
8008132,2024-09-15,Aged-FL 60,4350,IRS Representation (3 Months Max),Analyze and submit IRS financials,Installment Agreement setup and monitoring,Hardship determination and filing,Fresh Start SLIA renewal,Hardship compliance monitoring,,No,No,No,0.0,2024-09-19,8070.0,Tier 2
4852051,2024-07-20,Aged CBG HAP,3500,IRS Representation (6 Months Max),Analyze and submit IRS financials,File 1040 tax return (no schedules),,,,,No,No,No,0.0,2024-07-28,4920.0,Tier 5
4162130,2025-06-10,Aged CBG HAP,6290,IRS Representation (12 Months Max),File 1040 tax return (no schedules),Fresh Start SLIA submission and monitoring,Partial Pay Installment Agreement (PPIA) setup,OIC follow-up and IRS negotiation,Fresh Start SLIA compliance,AfterPay,Yes,Yes,Yes,17470.0,2025-06-16,18590.0,Tier 4
2965741,2024-11-24,Aged 365 Legacy HAP,3350,IRS Representation (12 Months Max),File 1040 tax return with Schedule C and State tax return,Partial Pay Installment Agreement (PPIA) setup,Currently Not Collectible (CNC) determination,CNC annual review,Fresh Start SLIA compliance,,No,No,No,0.0,2024-12-02,7160.0,Tier 5
9131271,2024-09-07,Referral,8440,IRS Representation (6 Months Max),File 1040 tax return with Schedule C and State tax return,File 1040 tax return (no schedules),,,,,No,No,No,0.0,2024-09-16,11310.0,Tier 4
3882944,2024-08-09,Aged CBG HAP,4470,IRS Representation (3 Months Max),File 1040 tax return (no schedules),Fresh Start SLIA submission and monitoring,Fresh Start SLIA compliance review,Fresh Start SLIA renewal,Fresh Start SLIA compliance,,No,No,No,0.0,2024-08-16,7260.0,Tier 4
5576848,2024-07-05,Aged-PI,2110,IRS Representation (6 Months Max),Analyze and submit IRS financials,Installment Agreement setup and monitoring,Partial Pay Installment Agreement (PPIA) setup,OIC follow-up and IRS negotiation,OIC final resolution,,No,No,No,0.0,2024-07-16,6090.0,Tier 3
5621970,2024-07-08,Aged 365 Legacy HAP,7680,IRS Representation (3 Months Max),File 1040 tax return (no schedules),Installment Agreement setup and monitoring,Hardship determination and filing,OIC follow-up and IRS negotiation,Hardship compliance monitoring,Monterey Poss-Flip,Yes,Yes,Yes,10090.0,2024-07-13,12150.0,Tier 4
7126514,2024-10-02,PPC Call,6670,IRS Representation (12 Months Max),Analyze and submit IRS financials,Fresh Start SLIA submission and monitoring,Fresh Start SLIA compliance review,,Fresh Start SLIA compliance,,No,No,No,0.0,2024-10-08,13040.0,Tier 4
2185233,2024-09-08,Aged-PI,1480,IRS Representation (3 Months Max),Analyze and submit IRS financials,Installment Agreement setup and monitoring,Partial Pay Installment Agreement (PPIA) setup,Fresh Start SLIA renewal,OIC final resolution,,No,No,No,0.0,2024-09-14,18820.0,Tier 4
4325914,2024-10-30,Aged DT U30,5550,IRS Representation (6 Months Max),File 1040X tax return (no schedules),File 1040 tax return with Schedule C and State tax return,,,,Monterey Tier C,Yes,No,No,0.0,2024-11-10,6720.0,Tier 5
3913196,2025-03-03,Aged-PI,7080,IRS Representation (6 Months Max),Analyze and submit IRS financials,File 1040 tax return with Schedule C and State tax return,,,,Elevate Finance - Tier 5,Yes,No,No,0.0,2025-03-11,9420.0,Tier 5
6933805,2024-07-11,Aged 365 Legacy HAP,4630,IRS Representation (6 Months Max),File 1040X tax return (no schedules),Partial Pay Installment Agreement (PPIA) setup,Hardship determination and filing,Fresh Start SLIA renewal,Hardship compliance monitoring,,No,No,No,0.0,2024-07-25,1010.0,Tier 5
9975013,2024-12-27,Aged-PI,3600,IRS Representation (6 Months Max),File 1040 tax return (no schedules),Installment Agreement setup and monitoring,Currently Not Collectible (CNC) determination,CNC annual review,Fresh Start SLIA compliance,DecisionFI,Yes,Yes,Yes,52940.0,2025-01-02,66030.0,Tier 3
2366722,2025-05-02,Aged 365 Legacy,10920,IRS Representation (3 Months Max),File 1040 tax return with Schedule C and State tax return,Installment Agreement setup and monitoring,Partial Pay Installment Agreement (PPIA) setup,OIC follow-up and IRS negotiation,Fresh Start SLIA compliance,Monterey Tier C,Yes,Yes,Yes,9520.0,2025-05-17,11180.0,Tier 5
2905301,2024-11-11,Website Call,3200,IRS Representation (3 Months Max),File 1040 tax return (no schedules),Installment Agreement setup and monitoring,Offer in Compromise (OIC) preparation,CNC annual review,Fresh Start SLIA compliance,Flexxbuy,Yes,Yes,Yes,3000.0,2024-11-26,5960.0,Tier 3
3108895,2025-02-25,Aged CBG HAP,15260,IRS Representation (6 Months Max),File 1040 tax return (no schedules),Fresh Start SLIA submission and monitoring,Fresh Start SLIA compliance review,,Fresh Start SLIA compliance,DecisionFI,Yes,No,No,0.0,2025-02-28,59910.0,Tier 3
3297694,2024-11-11,CL Form,3070,IRS Representation (3 Months Max),File 1040 tax return (no schedules),File 1040 tax return (no schedules),,,,,No,No,No,0.0,2024-11-26,9710.0,Tier 5
3519897,2024-08-22,Aged-PI,9060,IRS Representation (6 Months Max),File 1040 tax return with Schedule C and State tax return,Fresh Start SLIA submission and monitoring,Partial Pay Installment Agreement (PPIA) setup,Hardship re-evaluation support,Fresh Start SLIA compliance,,No,No,No,0.0,2024-08-31,17840.0,Tier 4
2451372,2025-01-10,PPC Call,15880,IRS Representation (6 Months Max),File 1040 tax return with Schedule C and State tax return,File 1040 tax return (no schedules),,,,Elevate Finance - Tier 5,Yes,Yes,Yes,3850.0,2025-01-23,5930.0,Tier 3
1555061,2025-01-23,FL Call,2140,IRS Representation (12 Months Max),File 1040 tax return and State tax return (no schedules),Installment Agreement setup and monitoring,Hardship determination and filing,Hardship re-evaluation support,OIC final resolution,,No,No,No,0.0,2025-02-05,13110.0,Tier 3
9602233,2025-01-16,CL Form,6700,IRS Representation (6 Months Max),File 1040 tax return (no schedules),Partial Pay Installment Agreement (PPIA) setup,Currently Not Collectible (CNC) determination,Fresh Start SLIA renewal,OIC final resolution,,No,No,No,0.0,2025-01-20,1700.0,Tier 4
7362677,2025-02-27,Aged-FL 60,3080,IRS Representation (12 Months Max),File 1040 tax return (no schedules),Installment Agreement setup and monitoring,Penalty Abatement request,,,,No,No,No,0.0,2025-03-04,13800.0,Tier 5
3794477,2024-11-23,ATL Form,8280,IRS Representation (12 Months Max),File 1040X tax return (no schedules),File 1040 tax return with Schedule C and State tax return,,,,,No,No,No,0.0,2024-12-07,5540.0,Tier 5
6937601,2024-12-09,ATL Form,12500,IRS Representation (12 Months Max),File 1040 tax return with Schedule C and State tax return,Fresh Start SLIA submission and monitoring,Fresh Start SLIA submission and monitoring,Fresh Start SLIA renewal,Fresh Start SLIA compliance,,No,No,No,0.0,2024-12-21,5420.0,Tier 1
4884873,2025-02-02,Aged DT U30,15580,IRS Representation (3 Months Max),File 1040 tax return with Schedule C and State tax return,Fresh Start SLIA submission and monitoring,Partial Pay Installment Agreement (PPIA) setup,OIC follow-up and IRS negotiation,Hardship compliance monitoring,,No,No,No,0.0,2025-02-16,5130.0,Tier 4
3702956,2025-02-28,Aged 365 Legacy HAP,9580,IRS Representation (6 Months Max),File 1040 tax return (no schedules),File 1040 tax return with Schedule C and State tax return,,,,Monterey Tier B,Yes,Yes,No,0.0,2025-03-07,6800.0,Tier 4
6705795,2025-05-17,CL Form,3960,IRS Representation (3 Months Max),File 1040 tax return with Schedule C and State tax return,Installment Agreement setup and monitoring,Partial Pay Installment Agreement (PPIA) setup,Hardship re-evaluation support,Fresh Start SLIA compliance,,No,No,No,0.0,2025-05-22,5240.0,Tier 4
1886030,2025-05-02,DT Form DS,7860,IRS Representation (3 Months Max),File 1040 tax return with Schedule C and State tax return,Fresh Start SLIA submission and monitoring,Partial Pay Installment Agreement (PPIA) setup,Fresh Start SLIA renewal,OIC final resolution,,No,No,No,0.0,2025-05-14,10510.0,Tier 1
6744554,2024-10-17,Aged DT U30,27220,IRS Representation (6 Months Max),File 1040 tax return (no schedules),Fresh Start SLIA submission and monitoring,Fresh Start SLIA compliance review,Fresh Start SLIA renewal,Fresh Start SLIA compliance,,No,No,No,0.0,2024-10-21,45700.0,Tier 3
8317158,2024-10-30,Website Call,11150,IRS Representation (3 Months Max),File 1040 tax return and State tax return (no schedules),File 1040 tax return with Schedule C and State tax return,,,,,No,No,No,0.0,2024-11-13,6890.0,Tier 4
4153952,2025-02-08,ATL Form,21000,IRS Representation (6 Months Max),Analyze and submit IRS financials,Fresh Start SLIA submission and monitoring,Fresh Start SLIA compliance review,,,,No,No,No,0.0,2025-02-23,15960.0,Tier 3
6158412,2024-06-19,Aged DT U30,10480,IRS Representation (12 Months Max),File 1040 tax return (no schedules),File 1040 tax return (no schedules),,,,,No,No,No,0.0,2024-06-23,14810.0,Tier 5
4012775,2025-01-23,Aged 365 Legacy HAP,2290,IRS Representation (3 Months Max),File 1040X tax return (no schedules),Fresh Start SLIA submission and monitoring,Partial Pay Installment Agreement (PPIA) setup,CNC annual review,OIC final resolution,,No,No,No,0.0,2025-02-05,4460.0,Tier 5
2864550,2024-08-31,FL Call,4170,IRS Representation (12 Months Max),Analyze and submit IRS financials,Installment Agreement setup and monitoring,Partial Pay Installment Agreement (PPIA) setup,OIC follow-up and IRS negotiation,OIC final resolution,,No,No,No,0.0,2024-09-03,14080.0,Tier 4
3458965,2024-07-25,Aged 365 Legacy,7910,IRS Representation (3 Months Max),File 1040 tax return and State tax return (no schedules),Partial Pay Installment Agreement (PPIA) setup,Currently Not Collectible (CNC) determination,OIC follow-up and IRS negotiation,OIC final resolution,Monterey Poss-Flip,Yes,No,No,0.0,2024-08-04,6340.0,Tier 4
9330851,2024-12-17,CL Form,2710,IRS Representation (6 Months Max),File 1040 tax return (no schedules),Currently Not Collectible (CNC) determination,Currently Not Collectible (CNC) determination,Hardship re-evaluation support,Hardship compliance monitoring,,No,No,No,0.0,2024-12-20,9030.0,Tier 4
9744978,2025-04-12,ATL Form,7820,IRS Representation (3 Months Max),File 1040 tax return (no schedules),Fresh Start SLIA submission and monitoring,Fresh Start SLIA submission and monitoring,,Fresh Start SLIA compliance,,No,No,No,0.0,2025-04-21,10980.0,Tier 3
1210344,2025-02-05,PPC Call,1430,IRS Representation (3 Months Max),File 1040 tax return with Schedule C and State tax return,Partial Pay Installment Agreement (PPIA) setup,Offer in Compromise (OIC) preparation,CNC annual review,Hardship compliance monitoring,,No,No,No,0.0,2025-02-13,7100.0,Tier 4
4877119,2025-03-06,CL Form,4770,IRS Representation (12 Months Max),File 1040 tax return (no schedules),Fresh Start SLIA submission and monitoring,Fresh Start SLIA compliance review,,,,No,No,No,0.0,2025-03-11,11690.0,Tier 5
7322273,2025-05-08,Aged 365 Legacy HAP,7340,IRS Representation (6 Months Max),Analyze and submit IRS financials,Fresh Start SLIA submission and monitoring,Currently Not Collectible (CNC) determination,Hardship re-evaluation support,OIC final resolution,,No,No,No,0.0,2025-05-13,20730.0,Tier 4
2626825,2025-06-25,Aged DT U30,1500,IRS Representation (3 Months Max),File 1040 tax return with Schedule C and State tax return,Installment Agreement setup and monitoring,Currently Not Collectible (CNC) determination,Hardship re-evaluation support,Fresh Start SLIA compliance,Monterey Tier C,Yes,Yes,Yes,5460.0,2025-07-01,7450.0,Tier 4
4948586,2025-03-08,Aged-PI,7170,IRS Representation (3 Months Max),Analyze and submit IRS financials,Currently Not Collectible (CNC) determination,Hardship determination and filing,Hardship re-evaluation support,Fresh Start SLIA compliance,,No,No,No,0.0,2025-03-21,7470.0,Tier 3
8446550,2024-12-15,Aged-FL 60,9040,IRS Representation (3 Months Max),File 1040 tax return (no schedules),Currently Not Collectible (CNC) determination,Offer in Compromise (OIC) preparation,OIC follow-up and IRS negotiation,Fresh Start SLIA compliance,,No,No,No,0.0,2024-12-20,5430.0,Tier 5
2345177,2025-04-05,Aged 365 Legacy HAP,9230,IRS Representation (6 Months Max),File 1040 tax return and State tax return (no schedules),Installment Agreement setup and monitoring,Hardship determination and filing,OIC follow-up and IRS negotiation,OIC final resolution,DecisionFI,Yes,Yes,No,0.0,2025-04-16,1770.0,Tier 4
3708399,2024-07-04,PPC Call,1730,IRS Representation (3 Months Max),File 1040 tax return (no schedules),File 1040 tax return with Schedule C and State tax return,,,,,No,No,No,0.0,2024-07-07,5010.0,Tier 3
3792949,2025-06-01,Self Generated,2000,IRS Representation (12 Months Max),File 1040 tax return and State tax return (no schedules),Currently Not Collectible (CNC) determination,Currently Not Collectible (CNC) determination,Hardship re-evaluation support,OIC final resolution,,No,No,No,0.0,2025-06-09,1740.0,Tier 5
8447860,2024-08-20,Aged 365 Legacy HAP,10630,IRS Representation (12 Months Max),Analyze and submit IRS financials,Currently Not Collectible (CNC) determination,Hardship determination and filing,Fresh Start SLIA renewal,Hardship compliance monitoring,Monterey Poss-Flip,Yes,Yes,Yes,7330.0,2024-09-03,11330.0,Tier 4
7259847,2025-05-13,Website Call,10640,IRS Representation (12 Months Max),File 1040 tax return and State tax return (no schedules),Installment Agreement setup and monitoring,Hardship determination and filing,Fresh Start SLIA renewal,OIC final resolution,Monterey Tier B,Yes,Yes,Yes,7760.0,2025-05-27,9650.0,Tier 3
5244672,2024-06-21,Aged 365 Legacy HAP,2560,IRS Representation (6 Months Max),File 1040 tax return (no schedules),Installment Agreement setup and monitoring,Partial Pay Installment Agreement (PPIA) setup,CNC annual review,Hardship compliance monitoring,,No,No,No,0.0,2024-07-02,22760.0,Tier 4
6257918,2025-02-13,PPC Call,2140,IRS Representation (3 Months Max),File 1040 tax return with Schedule C and State tax return,Fresh Start SLIA submission and monitoring,Fresh Start SLIA submission and monitoring,,Fresh Start SLIA compliance,,No,No,No,0.0,2025-02-26,13890.0,Tier 5
1765051,2024-06-22,Aged CBG HAP,9540,IRS Representation (6 Months Max),File 1040 tax return and State tax return (no schedules),Fresh Start SLIA submission and monitoring,Partial Pay Installment Agreement (PPIA) setup,Hardship re-evaluation support,Hardship compliance monitoring,Monterey Tier C,Yes,Yes,Yes,6660.0,2024-07-05,7920.0,Tier 4
7652611,2024-10-25,Aged 365 Legacy HAP,1430,IRS Representation (6 Months Max),File 1040 tax return with Schedule C and State tax return,Fresh Start SLIA submission and monitoring,Currently Not Collectible (CNC) determination,CNC annual review,Fresh Start SLIA compliance,,No,No,No,0.0,2024-11-09,12850.0,Tier 4
1341923,2024-06-13,Aged 365 Legacy,7840,IRS Representation (3 Months Max),Analyze and submit IRS financials,Currently Not Collectible (CNC) determination,Offer in Compromise (OIC) preparation,OIC follow-up and IRS negotiation,Hardship compliance monitoring,,No,No,No,0.0,2024-06-21,1420.0,Tier 4
6043862,2024-09-04,Aged CBG HAP,1740,IRS Representation (3 Months Max),File 1040 tax return (no schedules),Partial Pay Installment Agreement (PPIA) setup,Offer in Compromise (OIC) preparation,Fresh Start SLIA renewal,Fresh Start SLIA compliance,,No,No,No,0.0,2024-09-15,18170.0,Tier 5
3664691,2025-02-25,Aged-FL 60,2000,IRS Representation (12 Months Max),File 1040X tax return (no schedules),Fresh Start SLIA submission and monitoring,Fresh Start SLIA submission and monitoring,,,DecisionFI,Yes,No,No,0.0,2025-03-03,1510.0,Tier 4
3227112,2024-08-30,Aged 365 Legacy HAP,5390,IRS Representation (12 Months Max),File 1040 tax return and State tax return (no schedules),Fresh Start SLIA submission and monitoring,Fresh Start SLIA compliance review,Fresh Start SLIA renewal,,Monterey Tier C,Yes,Yes,Yes,8050.0,2024-09-05,13480.0,Tier 5
1189407,2025-03-11,Aged-PI,7810,IRS Representation (12 Months Max),File 1040 tax return (no schedules),Currently Not Collectible (CNC) determination,Currently Not Collectible (CNC) determination,OIC follow-up and IRS negotiation,Fresh Start SLIA compliance,,No,No,No,0.0,2025-03-21,3340.0,Tier 2
5792314,2025-06-01,Aged 365 Legacy HAP,7950,IRS Representation (12 Months Max),File 1040 tax return (no schedules),Partial Pay Installment Agreement (PPIA) setup,Partial Pay Installment Agreement (PPIA) setup,Hardship re-evaluation support,Fresh Start SLIA compliance,,No,No,No,0.0,2025-06-14,1970.0,Tier 3
5961558,2024-08-26,CL Form,5540,IRS Representation (12 Months Max),File 1040 tax return with Schedule C and State tax return,Fresh Start SLIA submission and monitoring,Offer in Compromise (OIC) preparation,Hardship re-evaluation support,Fresh Start SLIA compliance,,No,No,No,0.0,2024-09-04,4880.0,Tier 5
5867109,2024-08-27,Aged 365 Legacy HAP,2870,IRS Representation (3 Months Max),File 1040 tax return and State tax return (no schedules),Currently Not Collectible (CNC) determination,Hardship determination and filing,OIC follow-up and IRS negotiation,Hardship compliance monitoring,,No,No,No,0.0,2024-09-01,7470.0,Tier 5
3073745,2024-09-14,Self Generated,2970,IRS Representation (12 Months Max),File 1040 tax return (no schedules),Partial Pay Installment Agreement (PPIA) setup,Offer in Compromise (OIC) preparation,Hardship re-evaluation support,Hardship compliance monitoring,Monterey Tier C,Yes,Yes,Yes,11220.0,2024-09-26,13790.0,Tier 5
9261828,2024-06-23,Aged 365 Legacy HAP,5850,IRS Representation (6 Months Max),File 1040 tax return with Schedule C and State tax return,File 1040 tax return with Schedule C and State tax return,,,,,No,No,No,0.0,2024-07-07,26600.0,Tier 2
8172200,2025-01-18,Referral,7820,IRS Representation (6 Months Max),File 1040 tax return (no schedules),Currently Not Collectible (CNC) determination,Partial Pay Installment Agreement (PPIA) setup,CNC annual review,Fresh Start SLIA compliance,Monterey Tier C,Yes,Yes,Yes,6640.0,2025-01-29,11050.0,Tier 4
2213005,2025-02-21,ATL Form,2790,IRS Representation (12 Months Max),File 1040 tax return and State tax return (no schedules),Fresh Start SLIA submission and monitoring,Fresh Start SLIA submission and monitoring,Fresh Start SLIA renewal,Fresh Start SLIA compliance,,No,No,No,0.0,2025-02-25,12090.0,Tier 3
1676033,2025-01-29,ATL Form,3180,IRS Representation (12 Months Max),File 1040X tax return (no schedules),File 1040 tax return (no schedules),,,,,No,No,No,0.0,2025-02-10,52170.0,Tier 2
6934806,2024-08-18,Aged 365 Legacy HAP,3360,IRS Representation (3 Months Max),File 1040 tax return with Schedule C and State tax return,File 1040 tax return with Schedule C and State tax return,,,,Monterey Tier B,Yes,Yes,Yes,7430.0,2024-08-31,11220.0,Tier 5
3750700,2024-08-29,Aged 365 Legacy HAP,5120,IRS Representation (12 Months Max),File 1040 tax return with Schedule C and State tax return,Fresh Start SLIA submission and monitoring,Fresh Start SLIA compliance review,Fresh Start SLIA renewal,Fresh Start SLIA compliance,DecisionFI,Yes,No,No,0.0,2024-09-11,13910.0,Tier 3
6323845,2024-07-23,PPC Call,2680,IRS Representation (6 Months Max),File 1040 tax return and State tax return (no schedules),File 1040 tax return with Schedule C and State tax return,,,,Monterey Tier B,Yes,Yes,Yes,21880.0,2024-08-02,23400.0,Tier 4
6612555,2025-05-26,Aged-PI,4890,IRS Representation (12 Months Max),File 1040 tax return (no schedules),Installment Agreement setup and monitoring,Currently Not Collectible (CNC) determination,CNC annual review,OIC final resolution,,No,No,No,0.0,2025-06-02,9190.0,Tier 3
6485392,2025-04-01,PPC Call,5650,IRS Representation (6 Months Max),File 1040 tax return with Schedule C and State tax return,Fresh Start SLIA submission and monitoring,Currently Not Collectible (CNC) determination,OIC follow-up and IRS negotiation,Hardship compliance monitoring,Monterey Poss-Flip,Yes,Yes,Yes,8890.0,2025-04-12,17140.0,Tier 4
1579934,2025-02-17,Aged CBG HAP,6880,IRS Representation (12 Months Max),File 1040X tax return (no schedules),Fresh Start SLIA submission and monitoring,Hardship determination and filing,OIC follow-up and IRS negotiation,Hardship compliance monitoring,Monterey Tier A,Yes,Yes,No,0.0,2025-02-28,4780.0,Tier 4
7319231,2025-03-04,Aged 365 Legacy HAP,6630,IRS Representation (3 Months Max),Analyze and submit IRS financials,Fresh Start SLIA submission and monitoring,Fresh Start SLIA submission and monitoring,Fresh Start SLIA renewal,,,No,No,No,0.0,2025-03-19,8630.0,Tier 4
5541160,2024-09-10,Self Generated,2180,IRS Representation (3 Months Max),File 1040 tax return (no schedules),Installment Agreement setup and monitoring,Hardship determination and filing,Fresh Start SLIA renewal,Fresh Start SLIA compliance,Monterey Tier B,Yes,Yes,Yes,4040.0,2024-09-19,6010.0,Tier 4
4802306,2025-06-10,Aged DT U30,5130,IRS Representation (3 Months Max),File 1040X tax return (no schedules),Fresh Start SLIA submission and monitoring,Partial Pay Installment Agreement (PPIA) setup,Fresh Start SLIA renewal,OIC final resolution,,No,No,No,0.0,2025-06-19,15760.0,Tier 3
3529118,2025-06-14,Website Call,6580,IRS Representation (3 Months Max),File 1040 tax return and State tax return (no schedules),Partial Pay Installment Agreement (PPIA) setup,Currently Not Collectible (CNC) determination,CNC annual review,Hardship compliance monitoring,,No,No,No,0.0,2025-06-29,19580.0,Tier 4
1311073,2025-02-06,Aged 365 Legacy,3150,IRS Representation (12 Months Max),File 1040X tax return (no schedules),File 1040 tax return (no schedules),,,,,No,No,No,0.0,2025-02-11,6790.0,Tier 5
5844829,2025-04-01,FL Call,3820,IRS Representation (12 Months Max),Analyze and submit IRS financials,Fresh Start SLIA submission and monitoring,Partial Pay Installment Agreement (PPIA) setup,OIC follow-up and IRS negotiation,Fresh Start SLIA compliance,,No,No,No,0.0,2025-04-08,16860.0,Tier 4
7703235,2024-07-13,Aged DT U30,12210,IRS Representation (3 Months Max),File 1040X tax return (no schedules),Partial Pay Installment Agreement (PPIA) setup,Offer in Compromise (OIC) preparation,Fresh Start SLIA renewal,Hardship compliance monitoring,,No,No,No,0.0,2024-07-24,6750.0,Tier 4
8031333,2025-04-14,ATL Form,1370,IRS Representation (3 Months Max),File 1040 tax return (no schedules),Fresh Start SLIA submission and monitoring,Partial Pay Installment Agreement (PPIA) setup,CNC annual review,OIC final resolution,,No,No,No,0.0,2025-04-19,11810.0,Tier 3
9594502,2024-07-07,DT Form DS,20160,IRS Representation (12 Months Max),File 1040X tax return (no schedules),Installment Agreement setup and monitoring,Partial Pay Installment Agreement (PPIA) setup,CNC annual review,Fresh Start SLIA compliance,,No,No,No,0.0,2024-07-14,5840.0,Tier 4
4822342,2024-07-19,Aged 365 Legacy HAP,10880,IRS Representation (6 Months Max),File 1040 tax return with Schedule C and State tax return,Fresh Start SLIA submission and monitoring,Partial Pay Installment Agreement (PPIA) setup,OIC follow-up and IRS negotiation,OIC final resolution,,No,No,No,0.0,2024-07-28,8770.0,Tier 2
3921829,2024-07-13,PPC Call,4050,IRS Representation (3 Months Max),File 1040X tax return (no schedules),File 1040 tax return (no schedules),,,,,No,No,No,0.0,2024-07-23,7020.0,Tier 2
9793265,2024-10-30,Aged DT U30,14190,IRS Representation (6 Months Max),Analyze and submit IRS financials,File 1040 tax return with Schedule C and State tax return,,,,,No,No,No,0.0,2024-11-04,5500.0,Tier 5
7816244,2025-06-02,Aged DT U30,2640,IRS Representation (3 Months Max),File 1040 tax return (no schedules),Partial Pay Installment Agreement (PPIA) setup,Currently Not Collectible (CNC) determination,OIC follow-up and IRS negotiation,Fresh Start SLIA compliance,,No,No,No,0.0,2025-06-06,22120.0,Tier 4
1915575,2025-03-25,Aged CBG HAP,6940,IRS Representation (12 Months Max),File 1040 tax return (no schedules),Fresh Start SLIA submission and monitoring,Fresh Start SLIA compliance review,Fresh Start SLIA renewal,Fresh Start SLIA compliance,Monterey Tier B,Yes,Yes,Yes,25810.0,2025-03-29,27610.0,Tier 4
4559502,2024-08-02,Self Generated,2000,IRS Representation (6 Months Max),File 1040 tax return and State tax return (no schedules),Partial Pay Installment Agreement (PPIA) setup,Offer in Compromise (OIC) preparation,Fresh Start SLIA renewal,Hardship compliance monitoring,Monterey Tier C,Yes,Yes,Yes,6460.0,2024-08-12,9240.0,Tier 4
5056147,2024-07-24,Aged 365 Legacy HAP,13730,IRS Representation (12 Months Max),File 1040X tax return (no schedules),Currently Not Collectible (CNC) determination,Currently Not Collectible (CNC) determination,Hardship re-evaluation support,OIC final resolution,,No,No,No,0.0,2024-07-30,7500.0,Tier 3
5358834,2025-03-24,DT Form DS,3260,IRS Representation (3 Months Max),File 1040 tax return with Schedule C and State tax return,Currently Not Collectible (CNC) determination,Currently Not Collectible (CNC) determination,OIC follow-up and IRS negotiation,OIC final resolution,,No,No,No,0.0,2025-04-01,9270.0,Tier 4
3748702,2025-05-09,Website Call,8680,IRS Representation (12 Months Max),File 1040 tax return and State tax return (no schedules),Partial Pay Installment Agreement (PPIA) setup,Offer in Compromise (OIC) preparation,Fresh Start SLIA renewal,Hardship compliance monitoring,,No,No,No,0.0,2025-05-19,2550.0,Tier 3
2576328,2024-06-19,ATL Form,5680,IRS Representation (6 Months Max),File 1040 tax return and State tax return (no schedules),Installment Agreement setup and monitoring,Partial Pay Installment Agreement (PPIA) setup,Fresh Start SLIA renewal,Hardship compliance monitoring,Monterey Tier B,Yes,No,No,0.0,2024-06-27,21400.0,Tier 4
8293246,2024-11-09,DT Form DS,3890,IRS Representation (3 Months Max),File 1040X tax return (no schedules),Fresh Start SLIA submission and monitoring,Fresh Start SLIA compliance review,,,Monterey Tier C,Yes,Yes,Yes,54100.0,2024-11-15,75970.0,Tier 4
1072459,2024-12-05,FL Call,3480,IRS Representation (3 Months Max),Analyze and submit IRS financials,Fresh Start SLIA submission and monitoring,Fresh Start SLIA submission and monitoring,,,,No,No,No,0.0,2024-12-08,4200.0,Tier 2
1481757,2024-08-14,Aged CBG HAP,25760,IRS Representation (6 Months Max),File 1040 tax return with Schedule C and State tax return,Partial Pay Installment Agreement (PPIA) setup,Hardship determination and filing,Fresh Start SLIA renewal,Fresh Start SLIA compliance,,No,No,No,0.0,2024-08-18,2030.0,Tier 4
4389603,2025-03-09,Aged 365 Legacy HAP,3200,IRS Representation (3 Months Max),File 1040 tax return and State tax return (no schedules),Fresh Start SLIA submission and monitoring,Partial Pay Installment Agreement (PPIA) setup,Fresh Start SLIA renewal,Hardship compliance monitoring,,No,No,No,0.0,2025-03-16,13960.0,Tier 5
3210486,2025-06-28,Aged CBG HAP,7010,IRS Representation (3 Months Max),File 1040 tax return (no schedules),Installment Agreement setup and monitoring,Hardship determination and filing,CNC annual review,Fresh Start SLIA compliance,DecisionFI,Yes,Yes,Yes,11950.0,2025-07-10,16530.0,Tier 5
4015664,2024-09-03,Aged-PI,7730,IRS Representation (3 Months Max),File 1040X tax return (no schedules),Partial Pay Installment Agreement (PPIA) setup,Offer in Compromise (OIC) preparation,OIC follow-up and IRS negotiation,Fresh Start SLIA compliance,,No,No,No,0.0,2024-09-15,2260.0,Tier 4
6041072,2024-07-18,Aged 365 Legacy HAP,10500,IRS Representation (12 Months Max),File 1040 tax return and State tax return (no schedules),Fresh Start SLIA submission and monitoring,Fresh Start SLIA compliance review,Fresh Start SLIA renewal,Fresh Start SLIA compliance,,No,No,No,0.0,2024-07-28,22220.0,Tier 5
2027967,2024-09-29,Aged 365 Legacy,10210,IRS Representation (6 Months Max),File 1040 tax return and State tax return (no schedules),Partial Pay Installment Agreement (PPIA) setup,Partial Pay Installment Agreement (PPIA) setup,CNC annual review,OIC final resolution,,No,No,No,0.0,2024-10-12,6230.0,Tier 4
5271460,2024-07-06,Self Generated,2420,IRS Representation (3 Months Max),Analyze and submit IRS financials,Partial Pay Installment Agreement (PPIA) setup,Partial Pay Installment Agreement (PPIA) setup,Hardship re-evaluation support,Fresh Start SLIA compliance,,No,No,No,0.0,2024-07-14,4910.0,Tier 5
4074192,2025-01-03,Aged 365 Legacy HAP,4940,IRS Representation (3 Months Max),File 1040 tax return and State tax return (no schedules),Fresh Start SLIA submission and monitoring,Offer in Compromise (OIC) preparation,Hardship re-evaluation support,OIC final resolution,,No,No,No,0.0,2025-01-13,1720.0,Tier 4
8224753,2024-09-08,DT Form DS,7710,IRS Representation (3 Months Max),File 1040X tax return (no schedules),Fresh Start SLIA submission and monitoring,Hardship determination and filing,OIC follow-up and IRS negotiation,Hardship compliance monitoring,,No,No,No,0.0,2024-09-17,28700.0,Tier 3
3497231,2024-09-27,Aged CBG HAP,6090,IRS Representation (6 Months Max),File 1040 tax return with Schedule C and State tax return,File 1040 tax return (no schedules),,,,DecisionFI,Yes,Yes,Yes,6190.0,2024-10-10,8530.0,Tier 3
1054016,2025-03-12,CL Form,3180,IRS Representation (3 Months Max),File 1040X tax return (no schedules),File 1040 tax return with Schedule C and State tax return,,,,Monterey Tier C,Yes,Yes,Yes,7210.0,2025-03-22,9260.0,Tier 2
1597275,2024-11-12,Aged CBG HAP,3680,IRS Representation (6 Months Max),File 1040 tax return with Schedule C and State tax return,Fresh Start SLIA submission and monitoring,Currently Not Collectible (CNC) determination,CNC annual review,Fresh Start SLIA compliance,,No,No,No,0.0,2024-11-19,13540.0,Tier 4
9438571,2025-03-10,Aged DT U30,4800,IRS Representation (3 Months Max),File 1040X tax return (no schedules),Partial Pay Installment Agreement (PPIA) setup,Partial Pay Installment Agreement (PPIA) setup,OIC follow-up and IRS negotiation,Fresh Start SLIA compliance,Monterey Poss-Flip,Yes,Yes,Yes,10370.0,2025-03-14,15340.0,Tier 1
7640849,2024-12-06,Aged DT U30,2380,IRS Representation (12 Months Max),Analyze and submit IRS financials,Fresh Start SLIA submission and monitoring,Currently Not Collectible (CNC) determination,Hardship re-evaluation support,OIC final resolution,Elevate Finance - Tier 5,Yes,Yes,Yes,13940.0,2024-12-14,18680.0,Tier 5
8486753,2025-01-19,Aged CBG HAP,4860,IRS Representation (12 Months Max),File 1040 tax return and State tax return (no schedules),Partial Pay Installment Agreement (PPIA) setup,Installment Agreement monitoring,,,Monterey Tier B,Yes,No,No,0.0,2025-02-01,12110.0,Tier 4
2241887,2025-04-02,Aged CBG HAP,7300,IRS Representation (3 Months Max),File 1040X tax return (no schedules),File 1040 tax return with Schedule C and State tax return,,,,,No,No,No,0.0,2025-04-12,14480.0,Tier 4
3778914,2024-10-03,Aged PI Free,7080,IRS Representation (12 Months Max),File 1040 tax return (no schedules),Fresh Start SLIA submission and monitoring,Fresh Start SLIA submission and monitoring,Fresh Start SLIA renewal,,,No,No,No,0.0,2024-10-17,4990.0,Tier 5
4914399,2025-03-20,Aged 365 Legacy HAP,6930,IRS Representation (3 Months Max),File 1040 tax return with Schedule C and State tax return,Fresh Start SLIA submission and monitoring,Fresh Start SLIA submission and monitoring,,,,No,No,No,0.0,2025-03-31,8790.0,Tier 5
6726369,2024-09-30,Aged DT U30,2780,IRS Representation (3 Months Max),Analyze and submit IRS financials,File 1040 tax return (no schedules),,,,Monterey Tier C,Yes,Yes,No,0.0,2024-10-11,17450.0,Tier 4
8292485,2024-09-11,Aged 365 Legacy HAP,1720,IRS Representation (6 Months Max),File 1040 tax return (no schedules),Currently Not Collectible (CNC) determination,Offer in Compromise (OIC) preparation,Hardship re-evaluation support,Fresh Start SLIA compliance,,No,No,No,0.0,2024-09-24,12550.0,Tier 5
3216073,2024-07-04,Aged CBG HAP,6210,IRS Representation (6 Months Max),File 1040 tax return (no schedules),Fresh Start SLIA submission and monitoring,Fresh Start SLIA submission and monitoring,Fresh Start SLIA renewal,Fresh Start SLIA compliance,,No,No,No,0.0,2024-07-13,15620.0,Tier 4
9022391,2025-05-09,FL Call,3110,IRS Representation (12 Months Max),File 1040 tax return with Schedule C and State tax return,Fresh Start SLIA submission and monitoring,Fresh Start SLIA compliance review,,,,No,No,No,0.0,2025-05-12,7720.0,Tier 2
2526626,2025-02-21,CL Form,6400,IRS Representation (3 Months Max),File 1040X tax return (no schedules),Currently Not Collectible (CNC) determination,Offer in Compromise (OIC) preparation,Fresh Start SLIA renewal,OIC final resolution,,No,No,No,0.0,2025-02-24,13030.0,Tier 3
7200439,2025-03-18,Aged 365 Legacy HAP,13850,IRS Representation (6 Months Max),File 1040X tax return (no schedules),Fresh Start SLIA submission and monitoring,Fresh Start SLIA submission and monitoring,Fresh Start SLIA renewal,Fresh Start SLIA compliance,Monterey Tier B,Yes,Yes,Yes,7450.0,2025-03-28,8410.0,Tier 4
9421530,2024-06-22,Aged 365 Legacy,5630,IRS Representation (12 Months Max),Analyze and submit IRS financials,Installment Agreement setup and monitoring,Penalty Abatement request,,,,No,No,No,0.0,2024-06-26,9840.0,Tier 3
3682320,2024-06-10,Aged CBG HAP,4290,IRS Representation (3 Months Max),File 1040 tax return (no schedules),File 1040 tax return (no schedules),,,,Monterey Tier C,Yes,Yes,No,0.0,2024-06-22,1070.0,Tier 1
4902730,2024-07-26,Aged 365 Legacy HAP,3060,IRS Representation (12 Months Max),File 1040 tax return (no schedules),Installment Agreement setup and monitoring,Currently Not Collectible (CNC) determination,Fresh Start SLIA renewal,Fresh Start SLIA compliance,,No,No,No,0.0,2024-08-04,11790.0,Tier 4
9130911,2025-04-04,Aged 365 Legacy HAP,2680,IRS Representation (12 Months Max),Analyze and submit IRS financials,Currently Not Collectible (CNC) determination,Partial Pay Installment Agreement (PPIA) setup,Fresh Start SLIA renewal,Fresh Start SLIA compliance,,No,No,No,0.0,2025-04-09,43190.0,Tier 1
4496347,2024-10-26,Aged 365 Legacy HAP,11420,IRS Representation (6 Months Max),File 1040 tax return with Schedule C and State tax return,File 1040 tax return (no schedules),,,,,No,No,No,0.0,2024-11-04,3030.0,Tier 2
2685387,2024-07-01,Aged-FL 60,1010,IRS Representation (3 Months Max),File 1040 tax return (no schedules),Fresh Start SLIA submission and monitoring,Fresh Start SLIA compliance review,Fresh Start SLIA renewal,,,No,No,No,0.0,2024-07-16,11240.0,Tier 4
8320514,2024-06-08,ATL Form,4370,IRS Representation (6 Months Max),File 1040 tax return with Schedule C and State tax return,Fresh Start SLIA submission and monitoring,Fresh Start SLIA submission and monitoring,Fresh Start SLIA renewal,Fresh Start SLIA compliance,,No,No,No,0.0,2024-06-21,13120.0,Tier 4
4383563,2024-09-03,Aged-PI,10730,IRS Representation (6 Months Max),File 1040X tax return (no schedules),Fresh Start SLIA submission and monitoring,Fresh Start SLIA submission and monitoring,,,,No,No,No,0.0,2024-09-18,12360.0,Tier 2
3912159,2024-07-21,Aged 365 Legacy HAP,2560,IRS Representation (3 Months Max),File 1040X tax return (no schedules),Fresh Start SLIA submission and monitoring,Currently Not Collectible (CNC) determination,OIC follow-up and IRS negotiation,OIC final resolution,Monterey Tier C,Yes,Yes,No,0.0,2024-07-28,14530.0,Tier 5
3258445,2025-02-10,Aged PI Free,4730,IRS Representation (12 Months Max),File 1040 tax return with Schedule C and State tax return,Currently Not Collectible (CNC) determination,Offer in Compromise (OIC) preparation,CNC annual review,OIC final resolution,Monterey Tier A,Yes,Yes,Yes,2300.0,2025-02-16,2760.0,Tier 3
8976183,2024-10-28,Aged 365 Legacy HAP,4140,IRS Representation (12 Months Max),File 1040 tax return (no schedules),Fresh Start SLIA submission and monitoring,Currently Not Collectible (CNC) determination,Hardship re-evaluation support,OIC final resolution,,No,No,No,0.0,2024-10-31,14710.0,Tier 4
5167795,2025-03-23,Aged 365 Legacy HAP,7170,IRS Representation (12 Months Max),File 1040 tax return with Schedule C and State tax return,Currently Not Collectible (CNC) determination,Currently Not Collectible (CNC) determination,OIC follow-up and IRS negotiation,Hardship compliance monitoring,Monterey Tier A,Yes,Yes,Yes,11980.0,2025-04-04,14260.0,Tier 3
3892040,2024-11-29,DT Form DS,12640,IRS Representation (6 Months Max),File 1040 tax return with Schedule C and State tax return,Fresh Start SLIA submission and monitoring,Partial Pay Installment Agreement (PPIA) setup,Fresh Start SLIA renewal,OIC final resolution,DecisionFI,Yes,No,No,0.0,2024-12-14,43500.0,Tier 3
5303837,2024-11-01,PPC Call,3720,IRS Representation (6 Months Max),File 1040 tax return and State tax return (no schedules),Currently Not Collectible (CNC) determination,Partial Pay Installment Agreement (PPIA) setup,Fresh Start SLIA renewal,OIC final resolution,DecisionFI,Yes,Yes,Yes,7710.0,2024-11-08,9520.0,Tier 2
3815936,2024-09-09,Aged CBG HAP,2560,IRS Representation (12 Months Max),File 1040 tax return and State tax return (no schedules),Installment Agreement setup and monitoring,Currently Not Collectible (CNC) determination,CNC annual review,OIC final resolution,,No,No,No,0.0,2024-09-24,14380.0,Tier 4
9654123,2024-08-24,ATL Form,3230,IRS Representation (3 Months Max),File 1040 tax return (no schedules),Fresh Start SLIA submission and monitoring,Fresh Start SLIA compliance review,Fresh Start SLIA renewal,,Monterey Poss-Flip,Yes,Yes,Yes,7120.0,2024-08-30,9960.0,Tier 1
9464126,2024-09-11,DT Form DS,17600,IRS Representation (6 Months Max),File 1040 tax return with Schedule C and State tax return,Currently Not Collectible (CNC) determination,Currently Not Collectible (CNC) determination,Fresh Start SLIA renewal,Fresh Start SLIA compliance,Monterey Tier A,Yes,No,No,0.0,2024-09-22,18830.0,Tier 4
2296018,2025-01-24,Aged-PI,17800,IRS Representation (3 Months Max),File 1040 tax return (no schedules),File 1040 tax return with Schedule C and State tax return,,,,,No,No,No,0.0,2025-02-05,8010.0,Tier 3
4938283,2024-12-16,ATL Form,6490,IRS Representation (12 Months Max),File 1040 tax return with Schedule C and State tax return,Fresh Start SLIA submission and monitoring,Offer in Compromise (OIC) preparation,Fresh Start SLIA renewal,Hardship compliance monitoring,,No,No,No,0.0,2024-12-19,6520.0,Tier 5
5035002,2025-06-13,Aged 365 Legacy,7360,IRS Representation (12 Months Max),Analyze and submit IRS financials,Currently Not Collectible (CNC) determination,Partial Pay Installment Agreement (PPIA) setup,CNC annual review,Fresh Start SLIA compliance,,No,No,No,0.0,2025-06-17,16300.0,Tier 5
9799485,2025-02-21,Aged 365 Legacy HAP,3280,IRS Representation (6 Months Max),Analyze and submit IRS financials,File 1040 tax return with Schedule C and State tax return,,,,,No,No,No,0.0,2025-02-25,23710.0,Tier 4
4804654,2024-07-25,Aged-PI,9530,IRS Representation (3 Months Max),File 1040 tax return with Schedule C and State tax return,Currently Not Collectible (CNC) determination,Installment Agreement monitoring,,,Monterey Poss-Flip,Yes,Yes,Yes,8920.0,2024-08-02,16770.0,Tier 2
8063161,2025-04-20,Referral,4190,IRS Representation (6 Months Max),Analyze and submit IRS financials,Partial Pay Installment Agreement (PPIA) setup,Offer in Compromise (OIC) preparation,CNC annual review,OIC final resolution,DecisionFI,Yes,Yes,Yes,11930.0,2025-04-24,14750.0,Tier 3
7634218,2024-11-13,Aged DT U30,2840,IRS Representation (12 Months Max),File 1040 tax return and State tax return (no schedules),Installment Agreement setup and monitoring,Partial Pay Installment Agreement (PPIA) setup,Fresh Start SLIA renewal,OIC final resolution,,No,No,No,0.0,2024-11-17,22330.0,Tier 3
9797517,2025-04-24,Aged 365 Legacy,5800,IRS Representation (6 Months Max),File 1040 tax return and State tax return (no schedules),Installment Agreement setup and monitoring,Currently Not Collectible (CNC) determination,Fresh Start SLIA renewal,OIC final resolution,,No,No,No,0.0,2025-05-05,10270.0,Tier 5
2216051,2024-09-22,CL Form,4050,IRS Representation (6 Months Max),File 1040 tax return (no schedules),Fresh Start SLIA submission and monitoring,Fresh Start SLIA submission and monitoring,Fresh Start SLIA renewal,Fresh Start SLIA compliance,,No,No,No,0.0,2024-10-06,17660.0,Tier 4
5053742,2024-09-20,FL Call,5670,IRS Representation (3 Months Max),File 1040 tax return and State tax return (no schedules),Fresh Start SLIA submission and monitoring,Fresh Start SLIA compliance review,Fresh Start SLIA renewal,Fresh Start SLIA compliance,Monterey Poss-Flip,Yes,No,No,0.0,2024-09-24,5430.0,Tier 4
5202648,2025-02-14,Aged CBG HAP,4830,IRS Representation (12 Months Max),File 1040 tax return and State tax return (no schedules),Installment Agreement setup and monitoring,Hardship determination and filing,Fresh Start SLIA renewal,OIC final resolution,Monterey Tier B,Yes,Yes,Yes,10690.0,2025-02-22,11500.0,Tier 5
6436418,2024-07-10,PPC Call,6190,IRS Representation (6 Months Max),Analyze and submit IRS financials,Fresh Start SLIA submission and monitoring,Hardship determination and filing,OIC follow-up and IRS negotiation,Hardship compliance monitoring,Monterey Tier C,Yes,Yes,Yes,3610.0,2024-07-24,5960.0,Tier 4
6606762,2025-02-17,FL Call,5350,IRS Representation (12 Months Max),File 1040 tax return with Schedule C and State tax return,File 1040 tax return (no schedules),,,,,No,No,No,0.0,2025-02-27,25000.0,Tier 4
9316401,2024-08-27,Aged DT U30,16680,IRS Representation (12 Months Max),Analyze and submit IRS financials,Currently Not Collectible (CNC) determination,Offer in Compromise (OIC) preparation,Fresh Start SLIA renewal,Fresh Start SLIA compliance,AfterPay,Yes,No,No,0.0,2024-09-02,9450.0,Tier 1
4172382,2024-10-07,Aged PI Free,8020,IRS Representation (3 Months Max),File 1040 tax return and State tax return (no schedules),Installment Agreement setup and monitoring,Partial Pay Installment Agreement (PPIA) setup,OIC follow-up and IRS negotiation,Fresh Start SLIA compliance,,No,No,No,0.0,2024-10-17,8970.0,Tier 2
2628028,2024-06-14,Aged PI Free,3970,IRS Representation (12 Months Max),File 1040X tax return (no schedules),Partial Pay Installment Agreement (PPIA) setup,Partial Pay Installment Agreement (PPIA) setup,OIC follow-up and IRS negotiation,Hardship compliance monitoring,,No,No,No,0.0,2024-06-22,14040.0,Tier 2
1496608,2024-10-04,Aged-PI,6970,IRS Representation (3 Months Max),File 1040 tax return (no schedules),File 1040 tax return (no schedules),,,,Monterey Tier C,Yes,No,No,0.0,2024-10-18,8110.0,Tier 2
1641560,2025-04-04,Aged DT U30,3380,IRS Representation (6 Months Max),File 1040 tax return with Schedule C and State tax return,Fresh Start SLIA submission and monitoring,Fresh Start SLIA submission and monitoring,Fresh Start SLIA renewal,,,No,No,No,0.0,2025-04-16,4200.0,Tier 3
8327580,2025-06-24,Referral,4910,IRS Representation (3 Months Max),File 1040 tax return (no schedules),Installment Agreement setup and monitoring,Hardship determination and filing,Fresh Start SLIA renewal,OIC final resolution,,No,No,No,0.0,2025-07-01,7730.0,Tier 4
2042761,2024-08-03,Aged DT U30,2560,IRS Representation (6 Months Max),Analyze and submit IRS financials,Partial Pay Installment Agreement (PPIA) setup,Partial Pay Installment Agreement (PPIA) setup,CNC annual review,Fresh Start SLIA compliance,DecisionFI,Yes,Yes,Yes,12990.0,2024-08-14,15360.0,Tier 2
6288028,2024-07-22,Aged CBG HAP,2530,IRS Representation (6 Months Max),Analyze and submit IRS financials,Fresh Start SLIA submission and monitoring,Offer in Compromise (OIC) preparation,OIC follow-up and IRS negotiation,Hardship compliance monitoring,,No,No,No,0.0,2024-07-28,4520.0,Tier 5
4181353,2025-05-11,Aged 365 Legacy HAP,5410,IRS Representation (6 Months Max),Analyze and submit IRS financials,Partial Pay Installment Agreement (PPIA) setup,Offer in Compromise (OIC) preparation,Fresh Start SLIA renewal,OIC final resolution,,No,No,No,0.0,2025-05-19,7250.0,Tier 5
1838399,2024-07-10,Aged 365 Legacy HAP,1970,IRS Representation (3 Months Max),File 1040 tax return and State tax return (no schedules),Fresh Start SLIA submission and monitoring,Fresh Start SLIA compliance review,,Fresh Start SLIA compliance,,No,No,No,0.0,2024-07-15,12900.0,Tier 3
5913264,2024-07-01,CL Form,5400,IRS Representation (6 Months Max),File 1040 tax return and State tax return (no schedules),Fresh Start SLIA submission and monitoring,Fresh Start SLIA compliance review,,,,No,No,No,0.0,2024-07-16,790.0,Tier 4
4105754,2025-01-02,Aged-PI,3850,IRS Representation (3 Months Max),File 1040X tax return (no schedules),File 1040 tax return with Schedule C and State tax return,,,,,No,No,No,0.0,2025-01-17,61350.0,Tier 3
5500094,2024-12-12,Aged 365 Legacy HAP,5080,IRS Representation (3 Months Max),Analyze and submit IRS financials,File 1040 tax return (no schedules),,,,,No,No,No,0.0,2024-12-17,16680.0,Tier 5
5276786,2025-06-29,CL Form,7850,IRS Representation (6 Months Max),File 1040 tax return (no schedules),Fresh Start SLIA submission and monitoring,Fresh Start SLIA compliance review,Fresh Start SLIA renewal,Fresh Start SLIA compliance,Monterey Tier C,Yes,Yes,Yes,7240.0,2025-07-08,13970.0,Tier 5
1170060,2024-08-12,Aged 365 Legacy HAP,9480,IRS Representation (6 Months Max),Analyze and submit IRS financials,Currently Not Collectible (CNC) determination,Currently Not Collectible (CNC) determination,CNC annual review,Fresh Start SLIA compliance,Monterey Poss-Flip,Yes,Yes,No,0.0,2024-08-21,10630.0,Tier 3
9897200,2024-07-04,FL Call,6430,IRS Representation (12 Months Max),File 1040 tax return with Schedule C and State tax return,Installment Agreement setup and monitoring,Hardship determination and filing,OIC follow-up and IRS negotiation,Fresh Start SLIA compliance,,No,No,No,0.0,2024-07-14,19880.0,Tier 5
5954854,2024-08-31,Aged 365 Legacy HAP,2800,IRS Representation (3 Months Max),Analyze and submit IRS financials,Fresh Start SLIA submission and monitoring,Hardship determination and filing,Hardship re-evaluation support,Fresh Start SLIA compliance,Monterey Tier B,Yes,Yes,Yes,5230.0,2024-09-03,6590.0,Tier 4
4292361,2025-02-11,Aged 365 Legacy HAP,7460,IRS Representation (12 Months Max),File 1040X tax return (no schedules),Fresh Start SLIA submission and monitoring,Fresh Start SLIA submission and monitoring,Fresh Start SLIA renewal,,,No,No,No,0.0,2025-02-19,14270.0,Tier 4
7115964,2024-06-21,ATL Form,12790,IRS Representation (3 Months Max),Analyze and submit IRS financials,File 1040 tax return (no schedules),,,,,No,No,No,0.0,2024-06-24,14570.0,Tier 4
2913881,2025-01-19,Aged 365 Legacy,6060,IRS Representation (12 Months Max),File 1040 tax return and State tax return (no schedules),Installment Agreement setup and monitoring,Currently Not Collectible (CNC) determination,CNC annual review,Hardship compliance monitoring,,No,No,No,0.0,2025-01-27,7540.0,Tier 4
3672535,2025-03-25,Aged CBG HAP,1450,IRS Representation (12 Months Max),File 1040 tax return and State tax return (no schedules),Currently Not Collectible (CNC) determination,Currently Not Collectible (CNC) determination,CNC annual review,OIC final resolution,,No,No,No,0.0,2025-03-28,1060.0,Tier 4
6780908,2024-11-29,ATL Form,2180,IRS Representation (12 Months Max),File 1040 tax return (no schedules),File 1040 tax return (no schedules),,,,DecisionFI,Yes,Yes,Yes,6460.0,2024-12-06,9470.0,Tier 4
7530333,2024-11-07,Aged 365 Legacy HAP,6120,IRS Representation (12 Months Max),File 1040 tax return with Schedule C and State tax return,Fresh Start SLIA submission and monitoring,Fresh Start SLIA submission and monitoring,Fresh Start SLIA renewal,Fresh Start SLIA compliance,Monterey Tier C,Yes,Yes,No,0.0,2024-11-15,3360.0,Tier 4
3387271,2025-02-17,Aged 365 Legacy HAP,4050,IRS Representation (3 Months Max),File 1040 tax return (no schedules),Currently Not Collectible (CNC) determination,Offer in Compromise (OIC) preparation,Hardship re-evaluation support,OIC final resolution,,No,No,No,0.0,2025-02-26,6700.0,Tier 4
6118052,2024-09-29,ATL Form,21780,IRS Representation (3 Months Max),File 1040 tax return (no schedules),Installment Agreement setup and monitoring,Offer in Compromise (OIC) preparation,CNC annual review,OIC final resolution,Monterey Tier C,Yes,Yes,Yes,14810.0,2024-10-04,19730.0,Tier 5
9906289,2025-05-05,Aged 365 Legacy HAP,3600,IRS Representation (6 Months Max),Analyze and submit IRS financials,Currently Not Collectible (CNC) determination,Offer in Compromise (OIC) preparation,CNC annual review,Fresh Start SLIA compliance,Monterey Tier C,Yes,Yes,No,0.0,2025-05-20,6770.0,Tier 4
